section,section_name,flag,side,subject,code,context,figure_usd_never_sum_mixed_kinds,figure_basis,prior_year_median_usd,multiple_of_median,charge_accounts,purchases,first_appears,question,where_the_answer_lives,source_document,link
01,Gaps in the published record,republished duplicate,,Warrant Report 2.4.25 - 2024 charges_2,,"a copy of Warrant Report 2.4.25 - 2024 charges, excluded from every figure",,,,,,,,Can the missing meetings be republished as text?,"The city's accounting page: a text version of the posted PDF, or the republished copy it duplicates",,https://jcurry44.github.io/public-ledger/audit.html#s1
02,The catch-all accounts,catch-all revenue account,revenue,Unclassified,A2770,Other Local Revenues,485010.0,"revenue, 2024 annual filing as filed with the NYS Comptroller (self-reported, not audited)",15287.0,31.7,,,,What makes up the revenue that ran through the 2770-series (Unclassified) account?,One general-ledger query: the account's itemisation by source,,https://jcurry44.github.io/public-ledger/audit.html#r2-A2770
02,The catch-all accounts,catch-all revenue account,revenue,Unclassified,CM2770,Other Local Revenues,230231.0,"revenue, 2024 annual filing as filed with the NYS Comptroller (self-reported, not audited)",77949.0,3.0,,,since 2020,What makes up the revenue that ran through the 2770-series (Unclassified) account?,One general-ledger query: the account's itemisation by source,,https://jcurry44.github.io/public-ledger/audit.html#r2-CM2770
03,Accounts far off their own thirty-year history,account far off its own history,spending,"Rehabilitation, Loans and Grants",CD86684,Economic Development,3859932.0,"spending, 2024 annual filing as filed with the NYS Comptroller (self-reported, not audited)",250150.5,15.4,,,,"Is this a one-time event, or the new normal?",The treasurer: what happened in the account; its thirty-year history is on this page,,https://jcurry44.github.io/public-ledger/audit.html#r3-CD86684
03,Accounts far off their own thirty-year history,account far off its own history,spending,Water Purification,FX83301,Utilities,1148220.0,"spending, 2024 annual filing as filed with the NYS Comptroller (self-reported, not audited)",348341.0,3.3,,,,"Is this a one-time event, or the new normal?",The treasurer: what happened in the account; its thirty-year history is on this page,,https://jcurry44.github.io/public-ledger/audit.html#r3-FX83301
03,Accounts far off their own thirty-year history,account far off its own history,revenue,Insurance Recoveries,A2680,Other Local Revenues,881233.0,"revenue, 2024 annual filing as filed with the NYS Comptroller (self-reported, not audited)",167278.0,5.3,,,,"Is this a one-time event, or the new normal?",The treasurer: what happened in the account; its thirty-year history is on this page,,https://jcurry44.github.io/public-ledger/audit.html#r3-A2680
03,Accounts far off their own thirty-year history,account far off its own history,revenue,Recreational Concessions,A2012,Charges for Services,648631.0,"revenue, 2024 annual filing as filed with the NYS Comptroller (self-reported, not audited)",211119.0,3.1,,,,"Is this a one-time event, or the new normal?",The treasurer: what happened in the account; its thirty-year history is on this page,,https://jcurry44.github.io/public-ledger/audit.html#r3-A2012
03,Accounts far off their own thirty-year history,account far off its own history,revenue,State Aid Other,A3089,State Aid,580619.0,"revenue, 2024 annual filing as filed with the NYS Comptroller (self-reported, not audited)",81577.0,7.1,,,,"Is this a one-time event, or the new normal?",The treasurer: what happened in the account; its thirty-year history is on this page,,https://jcurry44.github.io/public-ledger/audit.html#r3-A3089
03,Accounts far off their own thirty-year history,account far off its own history,spending,Assessment,A13554,General Government,451846.0,"spending, 2024 annual filing as filed with the NYS Comptroller (self-reported, not audited)",19572.0,23.1,,,,"Is this a one-time event, or the new normal?",The treasurer: what happened in the account; its thirty-year history is on this page,,https://jcurry44.github.io/public-ledger/audit.html#r3-A13554
03,Accounts far off their own thirty-year history,account far off its own history,revenue,Interest and Earnings,A2401,Use and Sale of Property,404732.0,"revenue, 2024 annual filing as filed with the NYS Comptroller (self-reported, not audited)",99046.0,4.1,,,,"Is this a one-time event, or the new normal?",The treasurer: what happened in the account; its thirty-year history is on this page,,https://jcurry44.github.io/public-ledger/audit.html#r3-A2401
03,Accounts far off their own thirty-year history,account far off its own history,spending,Sidewalks,A54104,Transportation,384679.0,"spending, 2024 annual filing as filed with the NYS Comptroller (self-reported, not audited)",34292.0,11.2,,,,"Is this a one-time event, or the new normal?",The treasurer: what happened in the account; its thirty-year history is on this page,,https://jcurry44.github.io/public-ledger/audit.html#r3-A54104
03,Accounts far off their own thirty-year history,account far off its own history,spending,Police,A31202,Public Safety,207897.0,"spending, 2024 annual filing as filed with the NYS Comptroller (self-reported, not audited)",47639.0,4.4,,,,"Is this a one-time event, or the new normal?",The treasurer: what happened in the account; its thirty-year history is on this page,,https://jcurry44.github.io/public-ledger/audit.html#r3-A31202
03,Accounts far off their own thirty-year history,account far off its own history,revenue,State Aid Other Public Safety,A3389,State Aid,146412.0,"revenue, 2024 annual filing as filed with the NYS Comptroller (self-reported, not audited)",26674.0,5.5,,,,"Is this a one-time event, or the new normal?",The treasurer: what happened in the account; its thirty-year history is on this page,,https://jcurry44.github.io/public-ledger/audit.html#r3-A3389
03,Accounts far off their own thirty-year history,account far off its own history,spending,Water Transportation and Distribution,FX83402,Utilities,132810.0,"spending, 2024 annual filing as filed with the NYS Comptroller (self-reported, not audited)",37076.0,3.6,,,,"Is this a one-time event, or the new normal?",The treasurer: what happened in the account; its thirty-year history is on this page,,https://jcurry44.github.io/public-ledger/audit.html#r3-FX83402
03,Accounts far off their own thirty-year history,account far off its own history,spending,Comptroller,A13154,General Government,115490.0,"spending, 2024 annual filing as filed with the NYS Comptroller (self-reported, not audited)",15101.0,7.6,,,,"Is this a one-time event, or the new normal?",The treasurer: what happened in the account; its thirty-year history is on this page,,https://jcurry44.github.io/public-ledger/audit.html#r3-A13154
03,Accounts far off their own thirty-year history,account far off its own history,revenue,Licenses Other,A2545,Charges for Services,109584.0,"revenue, 2024 annual filing as filed with the NYS Comptroller (self-reported, not audited)",11612.5,9.4,,,,"Is this a one-time event, or the new normal?",The treasurer: what happened in the account; its thirty-year history is on this page,,https://jcurry44.github.io/public-ledger/audit.html#r3-A2545
03,Accounts far off their own thirty-year history,account far off its own history,spending,Fire Protection,A34102,Public Safety,108237.0,"spending, 2024 annual filing as filed with the NYS Comptroller (self-reported, not audited)",30602.0,3.5,,,,"Is this a one-time event, or the new normal?",The treasurer: what happened in the account; its thirty-year history is on this page,,https://jcurry44.github.io/public-ledger/audit.html#r3-A34102
03,Accounts far off their own thirty-year history,account far off its own history,revenue,Sales of Scrap and Excess Materials,A2650,Use and Sale of Property,78074.0,"revenue, 2024 annual filing as filed with the NYS Comptroller (self-reported, not audited)",16829.0,4.6,,,,"Is this a one-time event, or the new normal?",The treasurer: what happened in the account; its thirty-year history is on this page,,https://jcurry44.github.io/public-ledger/audit.html#r3-A2650
03,Accounts far off their own thirty-year history,account far off its own history,spending,Sewage Treatment and Disposal,G81302,Sanitation,66995.0,"spending, 2024 annual filing as filed with the NYS Comptroller (self-reported, not audited)",18852.0,3.6,,,,"Is this a one-time event, or the new normal?",The treasurer: what happened in the account; its thirty-year history is on this page,,https://jcurry44.github.io/public-ledger/audit.html#r3-G81302
04,"One payee, several vendor records","one payee, several vendor records",spending,HOME DEPOT CREDIT SERVICES,HOMED005 · HOMED010 · HOMED015 · HOMED020,4 vendor records,92223.9,"approved claims on the city's Warrants of Claims, not necessarily paid",,,,,,Can these vendor records be merged?,The city's vendor master file: the records held for this payee,,https://jcurry44.github.io/public-ledger/audit.html#r4-0
04,"One payee, several vendor records","one payee, several vendor records",spending,NYSDEC,NYSDE005 · NYSDE020 · NYSDE040,3 vendor records,17510.13,"approved claims on the city's Warrants of Claims, not necessarily paid",,,,,,Can these vendor records be merged?,The city's vendor master file: the records held for this payee,,https://jcurry44.github.io/public-ledger/audit.html#r4-1
04,"One payee, several vendor records","one payee, several vendor records",spending,NATIONAL GRID,NATIO005 · NATIO070,2 vendor records,3219429.73,"approved claims on the city's Warrants of Claims, not necessarily paid",,,,,,Can these vendor records be merged?,The city's vendor master file: the records held for this payee,,https://jcurry44.github.io/public-ledger/audit.html#r4-2
04,"One payee, several vendor records","one payee, several vendor records",spending,GRAINGER,GRAIN005 · GRAIN010,2 vendor records,161545.34,"approved claims on the city's Warrants of Claims, not necessarily paid",,,,,,Can these vendor records be merged?,The city's vendor master file: the records held for this payee,,https://jcurry44.github.io/public-ledger/audit.html#r4-3
04,"One payee, several vendor records","one payee, several vendor records",spending,"ISLAND TECH SERVICES, LLC",EMPIR015 · ISLAN010,2 vendor records,85576.23,"approved claims on the city's Warrants of Claims, not necessarily paid",,,,,,Can these vendor records be merged?,The city's vendor master file: the records held for this payee,,https://jcurry44.github.io/public-ledger/audit.html#r4-4
04,"One payee, several vendor records","one payee, several vendor records",spending,EUROFINS ENVIRONMENT TESTING,EUROF005 · EUROF010,2 vendor records,15291.6,"approved claims on the city's Warrants of Claims, not necessarily paid",,,,,,Can these vendor records be merged?,The city's vendor master file: the records held for this payee,,https://jcurry44.github.io/public-ledger/audit.html#r4-5
04,"One payee, several vendor records","one payee, several vendor records",spending,"EQUITY TITLE AGENCY, LLC",EQUIT005 · EQUIT010,2 vendor records,7051.0,"approved claims on the city's Warrants of Claims, not necessarily paid",,,,,,Can these vendor records be merged?,The city's vendor master file: the records held for this payee,,https://jcurry44.github.io/public-ledger/audit.html#r4-6
04,"One payee, several vendor records","one payee, several vendor records",spending,STATE INDUSTRIAL PRODUCTS,STATE010 · STATE025,2 vendor records,4142.02,"approved claims on the city's Warrants of Claims, not necessarily paid",,,,,,Can these vendor records be merged?,The city's vendor master file: the records held for this payee,,https://jcurry44.github.io/public-ledger/audit.html#r4-7
04,"One payee, several vendor records","one payee, several vendor records",spending,STATE CHEMICAL SOLUTIONS,STATE025 · STATE040,2 vendor records,1962.48,"approved claims on the city's Warrants of Claims, not necessarily paid",,,,,,Can these vendor records be merged?,The city's vendor master file: the records held for this payee,,https://jcurry44.github.io/public-ledger/audit.html#r4-8
04,"One payee, several vendor records","one payee, several vendor records",spending,INTERSTATE ALL BATTERY CENTER,INTER015 · INTER020,2 vendor records,1534.05,"approved claims on the city's Warrants of Claims, not necessarily paid",,,,,,Can these vendor records be merged?,The city's vendor master file: the records held for this payee,,https://jcurry44.github.io/public-ledger/audit.html#r4-9
05,Aggregate purchasing the ledger cannot see,"coding sprawl: one vendor, many charge accounts",spending,AMAZON CAPITAL SERVICES,,two-year total across the charge accounts,230747.37,"approved claims on the city's Warrants of Claims, not necessarily paid",,,87,1008,,Should any of this purchasing be on a contract?,A procurement review: aggregate vendor spend across the charge accounts,,https://jcurry44.github.io/public-ledger/audit.html#r5-0
05,Aggregate purchasing the ledger cannot see,"coding sprawl: one vendor, many charge accounts",spending,HOME DEPOT CREDIT SERVICES,,two-year total across the charge accounts,92223.9,"approved claims on the city's Warrants of Claims, not necessarily paid",,,30,334,,Should any of this purchasing be on a contract?,A procurement review: aggregate vendor spend across the charge accounts,,https://jcurry44.github.io/public-ledger/audit.html#r5-1
05,Aggregate purchasing the ledger cannot see,"coding sprawl: one vendor, many charge accounts",spending,GRAINGER,,two-year total across the charge accounts,161545.34,"approved claims on the city's Warrants of Claims, not necessarily paid",,,24,218,,Should any of this purchasing be on a contract?,A procurement review: aggregate vendor spend across the charge accounts,,https://jcurry44.github.io/public-ledger/audit.html#r5-2
05,Aggregate purchasing the ledger cannot see,"coding sprawl: one vendor, many charge accounts",spending,SHANOR ELECTRIC SUPPLIES LLC,,two-year total across the charge accounts,61588.57,"approved claims on the city's Warrants of Claims, not necessarily paid",,,21,120,,Should any of this purchasing be on a contract?,A procurement review: aggregate vendor spend across the charge accounts,,https://jcurry44.github.io/public-ledger/audit.html#r5-3
05,Aggregate purchasing the ledger cannot see,"coding sprawl: one vendor, many charge accounts",spending,IRR SUPPLY CENTERS,,two-year total across the charge accounts,25795.69,"approved claims on the city's Warrants of Claims, not necessarily paid",,,20,119,,Should any of this purchasing be on a contract?,A procurement review: aggregate vendor spend across the charge accounts,,https://jcurry44.github.io/public-ledger/audit.html#r5-4
05,Aggregate purchasing the ledger cannot see,"coding sprawl: one vendor, many charge accounts",spending,DELL MARKETING LP,,two-year total across the charge accounts,31045.21,"approved claims on the city's Warrants of Claims, not necessarily paid",,,16,25,,Should any of this purchasing be on a contract?,A procurement review: aggregate vendor spend across the charge accounts,,https://jcurry44.github.io/public-ledger/audit.html#r5-5
05,Aggregate purchasing the ledger cannot see,"coding sprawl: one vendor, many charge accounts",spending,NATIONAL GRID,,two-year total across the charge accounts,3219429.73,"approved claims on the city's Warrants of Claims, not necessarily paid",,,16,621,,Should any of this purchasing be on a contract?,A procurement review: aggregate vendor spend across the charge accounts,,https://jcurry44.github.io/public-ledger/audit.html#r5-6
05,Aggregate purchasing the ledger cannot see,"coding sprawl: one vendor, many charge accounts",spending,"DOMARADZKI, ALEX - PETTY CASH",,two-year total across the charge accounts,4869.41,"approved claims on the city's Warrants of Claims, not necessarily paid",,,15,52,,Should any of this purchasing be on a contract?,A procurement review: aggregate vendor spend across the charge accounts,,https://jcurry44.github.io/public-ledger/audit.html#r5-7
05,Aggregate purchasing the ledger cannot see,"coding sprawl: one vendor, many charge accounts",spending,HURTUBISE TIRE INC,,two-year total across the charge accounts,110394.0,"approved claims on the city's Warrants of Claims, not necessarily paid",,,14,106,,Should any of this purchasing be on a contract?,A procurement review: aggregate vendor spend across the charge accounts,,https://jcurry44.github.io/public-ledger/audit.html#r5-8
05,Aggregate purchasing the ledger cannot see,"coding sprawl: one vendor, many charge accounts",spending,PIONEER PRINTERS INC.,,two-year total across the charge accounts,8253.65,"approved claims on the city's Warrants of Claims, not necessarily paid",,,14,32,,Should any of this purchasing be on a contract?,A procurement review: aggregate vendor spend across the charge accounts,,https://jcurry44.github.io/public-ledger/audit.html#r5-9
05,Aggregate purchasing the ledger cannot see,"coding sprawl: one vendor, many charge accounts",spending,CHARTER COMMUNICATIONS,,two-year total across the charge accounts,76711.61,"approved claims on the city's Warrants of Claims, not necessarily paid",,,12,322,,Should any of this purchasing be on a contract?,A procurement review: aggregate vendor spend across the charge accounts,,https://jcurry44.github.io/public-ledger/audit.html#r5-10
05,Aggregate purchasing the ledger cannot see,"coding sprawl: one vendor, many charge accounts",spending,NAPA AUTO PARTS,,two-year total across the charge accounts,169200.36,"approved claims on the city's Warrants of Claims, not necessarily paid",,,12,316,,Should any of this purchasing be on a contract?,A procurement review: aggregate vendor spend across the charge accounts,,https://jcurry44.github.io/public-ledger/audit.html#r5-11
05,Aggregate purchasing the ledger cannot see,"coding sprawl: one vendor, many charge accounts",spending,VERIZON WIRELESS,,two-year total across the charge accounts,24068.62,"approved claims on the city's Warrants of Claims, not necessarily paid",,,12,125,,Should any of this purchasing be on a contract?,A procurement review: aggregate vendor spend across the charge accounts,,https://jcurry44.github.io/public-ledger/audit.html#r5-12
05,Aggregate purchasing the ledger cannot see,"coding sprawl: one vendor, many charge accounts",spending,NATIONAL FUEL GAS,,two-year total across the charge accounts,114632.92,"approved claims on the city's Warrants of Claims, not necessarily paid",,,12,378,,Should any of this purchasing be on a contract?,A procurement review: aggregate vendor spend across the charge accounts,,https://jcurry44.github.io/public-ledger/audit.html#r5-13
05,Aggregate purchasing the ledger cannot see,"coding sprawl: one vendor, many charge accounts",spending,DIVAL SAFETY EQUIPMENT INC.,,two-year total across the charge accounts,52653.76,"approved claims on the city's Warrants of Claims, not necessarily paid",,,12,29,,Should any of this purchasing be on a contract?,A procurement review: aggregate vendor spend across the charge accounts,,https://jcurry44.github.io/public-ledger/audit.html#r5-14
05,Aggregate purchasing the ledger cannot see,"coding sprawl: one vendor, many charge accounts",spending,VERIZON,,two-year total across the charge accounts,1732.63,"approved claims on the city's Warrants of Claims, not necessarily paid",,,11,26,,Should any of this purchasing be on a contract?,A procurement review: aggregate vendor spend across the charge accounts,,https://jcurry44.github.io/public-ledger/audit.html#r5-15
05,Aggregate purchasing the ledger cannot see,"coding sprawl: one vendor, many charge accounts",spending,NRG BUSINESS MARKETING,,two-year total across the charge accounts,321187.83,"approved claims on the city's Warrants of Claims, not necessarily paid",,,11,191,,Should any of this purchasing be on a contract?,A procurement review: aggregate vendor spend across the charge accounts,,https://jcurry44.github.io/public-ledger/audit.html#r5-16
05,Aggregate purchasing the ledger cannot see,"coding sprawl: one vendor, many charge accounts",spending,ADMAR CONST. EQIUP. & SUPPLIES,,two-year total across the charge accounts,37435.18,"approved claims on the city's Warrants of Claims, not necessarily paid",,,11,32,,Should any of this purchasing be on a contract?,A procurement review: aggregate vendor spend across the charge accounts,,https://jcurry44.github.io/public-ledger/audit.html#r5-17
05,Aggregate purchasing the ledger cannot see,"coding sprawl: one vendor, many charge accounts",spending,NIAGARA GAZETTE/LOCKPORT UNION,,two-year total across the charge accounts,6173.12,"approved claims on the city's Warrants of Claims, not necessarily paid",,,11,53,,Should any of this purchasing be on a contract?,A procurement review: aggregate vendor spend across the charge accounts,,https://jcurry44.github.io/public-ledger/audit.html#r5-18
05,Aggregate purchasing the ledger cannot see,"coding sprawl: one vendor, many charge accounts",spending,DOBMEIER JANITOR SUPPLY INC.,,two-year total across the charge accounts,23316.87,"approved claims on the city's Warrants of Claims, not necessarily paid",,,10,57,,Should any of this purchasing be on a contract?,A procurement review: aggregate vendor spend across the charge accounts,,https://jcurry44.github.io/public-ledger/audit.html#r5-19
05,Aggregate purchasing the ledger cannot see,"coding sprawl: one vendor, many charge accounts",spending,WALMART SUPERCENTER,,two-year total across the charge accounts,2460.52,"approved claims on the city's Warrants of Claims, not necessarily paid",,,10,24,,Should any of this purchasing be on a contract?,A procurement review: aggregate vendor spend across the charge accounts,,https://jcurry44.github.io/public-ledger/audit.html#r5-20
06,Large first-time payees,large first-time payee,spending,"LAKESIDE CONTRACTORS, INC.",,Memorial Pool Redesign,632173.7,"approved claims on the city's Warrants of Claims, not necessarily paid",,,,,07/21/2026,"A routine onboarding check: new vendor, real services, documented award?",The purchasing file: the award on record for this vendor,https://www.northtonawanda.gov/documents/Warrant%20of%20Claims/2026/Warrant%20Report%207.21.26.pdf,https://jcurry44.github.io/public-ledger/audit.html#r6-0
06,Large first-time payees,large first-time payee,spending,GOODWIN ELECTRIC CORPORATION,,Generator Repacement_WTP,387600.0,"approved claims on the city's Warrants of Claims, not necessarily paid",,,,,05/05/2026,"A routine onboarding check: new vendor, real services, documented award?",The purchasing file: the award on record for this vendor,https://www.northtonawanda.gov/documents/Warrant%20of%20Claims/2026/Warrant%20Report%205.5.26.pdf,https://jcurry44.github.io/public-ledger/audit.html#r6-1
06,Large first-time payees,large first-time payee,spending,PERMA,,Workers Compensation,385803.0,"approved claims on the city's Warrants of Claims, not necessarily paid",,,,,01/20/2026,"A routine onboarding check: new vendor, real services, documented award?",The purchasing file: the award on record for this vendor,https://www.northtonawanda.gov/documents/Warrant%20of%20Claims/2026/Warrant%20Report%201.20.26%20-%202026.pdf,https://jcurry44.github.io/public-ledger/audit.html#r6-2
06,Large first-time payees,large first-time payee,spending,SCOTT LAWN YARD,,Smartgrowth 2.0,197453.18,"approved claims on the city's Warrants of Claims, not necessarily paid",,,,,12/02/2025,"A routine onboarding check: new vendor, real services, documented award?",The purchasing file: the award on record for this vendor,https://www.northtonawanda.gov/documents/Warrant%20of%20Claims/2025/Warrant%20Report%2012.2.25.pdf,https://jcurry44.github.io/public-ledger/audit.html#r6-3
06,Large first-time payees,large first-time payee,spending,"MASTER'S EDGE, INC.",,Sidewalks,194127.4,"approved claims on the city's Warrants of Claims, not necessarily paid",,,,,07/14/2025,"A routine onboarding check: new vendor, real services, documented award?",The purchasing file: the award on record for this vendor,https://www.northtonawanda.gov/documents/Warrant%20of%20Claims/2025/warrant%20report%207.15.25.pdf,https://jcurry44.github.io/public-ledger/audit.html#r6-4
06,Large first-time payees,large first-time payee,spending,AMRIZE GREAT LAKES INC,,Maintenance of Streets (+1 more),187461.9,"approved claims on the city's Warrants of Claims, not necessarily paid",,,,,08/05/2025,"A routine onboarding check: new vendor, real services, documented award?",The purchasing file: the award on record for this vendor,https://www.northtonawanda.gov/documents/Warrant%20of%20Claims/2025/Warrant%20Report%208.5.25.pdf,https://jcurry44.github.io/public-ledger/audit.html#r6-5
06,Large first-time payees,large first-time payee,spending,MUNICIPAL MILLING,,Maintenance of Streets,180804.7,"approved claims on the city's Warrants of Claims, not necessarily paid",,,,,06/03/2025,"A routine onboarding check: new vendor, real services, documented award?",The purchasing file: the award on record for this vendor,https://www.northtonawanda.gov/documents/Warrant%20of%20Claims/2025/Warrant%20Report%206.3.25.pdf,https://jcurry44.github.io/public-ledger/audit.html#r6-6
06,Large first-time payees,large first-time payee,spending,PROFESSIONAL METERS INC,,City-Wide Water Meter Upgrad,180569.02,"approved claims on the city's Warrants of Claims, not necessarily paid",,,,,06/03/2025,"A routine onboarding check: new vendor, real services, documented award?",The purchasing file: the award on record for this vendor,https://www.northtonawanda.gov/documents/Warrant%20of%20Claims/2025/Warrant%20Report%206.3.25.pdf,https://jcurry44.github.io/public-ledger/audit.html#r6-7
06,Large first-time payees,large first-time payee,spending,STAGELINE MOBILE STAGE INC,,Gateway Stage (+1 more),177800.0,"approved claims on the city's Warrants of Claims, not necessarily paid",,,,,11/04/2025,"A routine onboarding check: new vendor, real services, documented award?",The purchasing file: the award on record for this vendor,https://www.northtonawanda.gov/documents/Warrant%20of%20Claims/2025/Warrant%20Report%2011.5.25.pdf,https://jcurry44.github.io/public-ledger/audit.html#r6-8
06,Large first-time payees,large first-time payee,spending,KENWORTH OF BUFFALO,,Acquisition of Machinery and Apparatu,171737.0,"approved claims on the city's Warrants of Claims, not necessarily paid",,,,,04/15/2025,"A routine onboarding check: new vendor, real services, documented award?",The purchasing file: the award on record for this vendor,https://www.northtonawanda.gov/documents/Warrant%20of%20Claims/2025/Warrant%20Report%204.15.25.pdf,https://jcurry44.github.io/public-ledger/audit.html#r6-9
06,Large first-time payees,large first-time payee,spending,E.H. WACHS,,Sewage Treatment,143197.4,"approved claims on the city's Warrants of Claims, not necessarily paid",,,,,04/07/2026,"A routine onboarding check: new vendor, real services, documented award?",The purchasing file: the award on record for this vendor,https://www.northtonawanda.gov/documents/Warrant%20of%20Claims/2026/Warrant%20Report%204.7.26.pdf,https://jcurry44.github.io/public-ledger/audit.html#r6-10
06,Large first-time payees,large first-time payee,spending,NICHOLAS AMANI ESQ,,Sale of Real Property,134285.92,"approved claims on the city's Warrants of Claims, not necessarily paid",,,,,04/21/2026,"A routine onboarding check: new vendor, real services, documented award?",The purchasing file: the award on record for this vendor,https://www.northtonawanda.gov/documents/Warrant%20of%20Claims/2026/Warrant%20Report%204.21.26.pdf,https://jcurry44.github.io/public-ledger/audit.html#r6-11
06,Large first-time payees,large first-time payee,spending,R.M. HEADLEE,,2022 Sewer Improvements,122870.13,"approved claims on the city's Warrants of Claims, not necessarily paid",,,,,05/19/2026,"A routine onboarding check: new vendor, real services, documented award?",The purchasing file: the award on record for this vendor,https://www.northtonawanda.gov/documents/Warrant%20of%20Claims/2026/Warrant%20Report%205.19.26.pdf,https://jcurry44.github.io/public-ledger/audit.html#r6-12
06,Large first-time payees,large first-time payee,spending,COMMUNITY FIRST NATIONAL BANK,,Fire Protection,115695.77,"approved claims on the city's Warrants of Claims, not necessarily paid",,,,,04/15/2025,"A routine onboarding check: new vendor, real services, documented award?",The purchasing file: the award on record for this vendor,https://www.northtonawanda.gov/documents/Warrant%20of%20Claims/2025/Warrant%20Report%204.15.25.pdf,https://jcurry44.github.io/public-ledger/audit.html#r6-13
