warrant_date,kind,file,amount_usd_approved_claim_not_necessarily_paid,lines,pos_published,median_prior_same_kind_usd,multiple_of_typical,prior_warrants_same_kind,baseline,departments_far_off_run_rate,largest_line_payee,largest_line_usd,ties_printed_totals,variance_usd,read_from,brief,source_pdf
10/06/2026,regular,Warrant report 10.6.26,1313429.17,398,233,886793.55,1.5,41,prior-only,4,MILHERST CONSTRUCTION,224079.73,yes,0,text layer,https://jcurry44.github.io/public-ledger/briefs/warrant-report-10-6-26.html,https://www.northtonawanda.gov/documents/Warrant%20of%20Claims/2026/Warrant%20report%2010.6.26.pdf
09/23/2026,purchasing card,Warrant Report 10.6.26 VISA,19394.68,53,40,60056.94,0.3,7,prior-only,0,RINGCENTRAL INC.,6013.42,yes,0,text layer,https://jcurry44.github.io/public-ledger/briefs/warrant-report-10-6-26-visa.html,https://www.northtonawanda.gov/documents/Warrant%20of%20Claims/2026/Warrant%20Report%2010.6.26%20VISA.pdf
09/15/2026,regular,Warrant report 9.15.26,1794210.22,239,149,886030.55,2.0,40,prior-only,4,"LAKESIDE CONTRACTORS, INC.",414846.0,yes,0,text layer,https://jcurry44.github.io/public-ledger/briefs/warrant-report-9-15-26.html,https://www.northtonawanda.gov/documents/Warrant%20of%20Claims/2026/Warrant%20report%209.15.26.pdf
09/01/2026,regular,warrant report 9.1.26,1600071.89,322,172,885267.55,1.8,39,prior-only,4,"GUTHRIE HELI-ARC, INC.",279043.0,yes,0,text layer,https://jcurry44.github.io/public-ledger/briefs/warrant-report-9-1-26.html,https://www.northtonawanda.gov/documents/Warrant%20of%20Claims/2026/warrant%20report%209.1.26.pdf
09/01/2026,purchasing card,warrant report 9.1.26 - VISA,68452.34,57,42,58642.85,1.2,6,prior-only,0,MODERN DISPOSAL SERVICES,60547.58,yes,0,text layer,https://jcurry44.github.io/public-ledger/briefs/warrant-report-9-1-26-visa.html,https://www.northtonawanda.gov/documents/Warrant%20of%20Claims/2026/warrant%20report%209.1.26%20-%20VISA.pdf
08/18/2026,regular,Warrant report 8.18.26,1751615.01,358,205,883443.58,2.0,38,prior-only,4,"LAKESIDE CONTRACTORS, INC.",683857.5,yes,0,text layer,https://jcurry44.github.io/public-ledger/briefs/warrant-report-8-18-26.html,https://www.northtonawanda.gov/documents/Warrant%20of%20Claims/2026/Warrant%20report%208.18.26.pdf
08/04/2026,regular,Warrant report 8.4.26,1419516.73,278,173,881619.61,1.6,37,prior-only,6,PERMA,385803.0,yes,0,text layer,https://jcurry44.github.io/public-ledger/briefs/warrant-report-8-4-26.html,https://www.northtonawanda.gov/documents/Warrant%20of%20Claims/2026/Warrant%20report%208.4.26.pdf
08/04/2026,purchasing card,Warrant report 8.4.26 VISA,118059.67,55,43,57228.75,2.1,5,prior-only,0,MODERN DISPOSAL SERVICES,107156.7,yes,0,text layer,https://jcurry44.github.io/public-ledger/briefs/warrant-report-8-4-26-visa.html,https://www.northtonawanda.gov/documents/Warrant%20of%20Claims/2026/Warrant%20report%208.4.26%20VISA.pdf
07/21/2026,regular,Warrant Report 7.21.26,1695842.12,375,180,867378.36,2.0,36,prior-only,4,"LAKESIDE CONTRACTORS, INC.",632173.7,yes,0,text layer,https://jcurry44.github.io/public-ledger/briefs/warrant-report-7-21-26.html,https://www.northtonawanda.gov/documents/Warrant%20of%20Claims/2026/Warrant%20Report%207.21.26.pdf
07/07/2026,regular,Warrant report 7.7.26,1289800.47,312,179,853137.12,1.5,35,prior-only,2,ZOLL MEDICAL CORPORATION,225576.72,yes,0,text layer,https://jcurry44.github.io/public-ledger/briefs/warrant-report-7-7-26.html,https://www.northtonawanda.gov/documents/Warrant%20of%20Claims/2026/Warrant%20report%207.7.26.pdf
06/22/2026,purchasing card,Warrant Report 7.7.26 - VISA,44405.29,32,28,58642.85,0.8,4,prior-only,0,MODERN DISPOSAL SERVICES,39765.26,yes,0,text layer,https://jcurry44.github.io/public-ledger/briefs/warrant-report-7-7-26-visa.html,https://www.northtonawanda.gov/documents/Warrant%20of%20Claims/2026/Warrant%20Report%207.7.26%20-%20VISA.pdf
06/16/2026,regular,Warrant Report 6.16.26,895846.01,370,194,851551.27,1.1,34,prior-only,5,NATIONAL GRID,75206.07,yes,0,text layer,https://jcurry44.github.io/public-ledger/briefs/warrant-report-6-16-26.html,https://www.northtonawanda.gov/documents/Warrant%20of%20Claims/2026/Warrant%20Report%206.16.26.pdf
06/02/2026,regular,Warrant Report 6.2.26,390104.34,211,141,853137.12,0.5,33,prior-only,1,NATIONAL GRID,50806.79,yes,0,text layer,https://jcurry44.github.io/public-ledger/briefs/warrant-report-6-2-26.html,https://www.northtonawanda.gov/documents/Warrant%20of%20Claims/2026/Warrant%20Report%206.2.26.pdf
06/01/2026,purchasing card,Warrant Report 6.2.26 VISA,109355.6,48,38,57228.75,1.9,3,prior-only,0,MODERN DISPOSAL SERVICES,91940.1,yes,0,text layer,https://jcurry44.github.io/public-ledger/briefs/warrant-report-6-2-26-visa.html,https://www.northtonawanda.gov/documents/Warrant%20of%20Claims/2026/Warrant%20Report%206.2.26%20VISA.pdf
05/19/2026,regular,Warrant Report 5.19.26,844791.42,270,167,867378.36,1.0,32,prior-only,4,NATIONAL GRID,130527.49,yes,0,text layer,https://jcurry44.github.io/public-ledger/briefs/warrant-report-5-19-26.html,https://www.northtonawanda.gov/documents/Warrant%20of%20Claims/2026/Warrant%20Report%205.19.26.pdf
05/05/2026,regular,Warrant Report 5.5.26,996519.03,309,170,853137.12,1.2,31,prior-only,4,GOODWIN ELECTRIC CORPORATION,387600.0,yes,0,text layer,https://jcurry44.github.io/public-ledger/briefs/warrant-report-5-5-26.html,https://www.northtonawanda.gov/documents/Warrant%20of%20Claims/2026/Warrant%20Report%205.5.26.pdf
05/05/2026,purchasing card,Warrant Report 5.5.26 - VISA,60056.94,58,50,32800.52,1.8,2,thin (fewer than 3 prior),0,MODERN DISPOSAL SERVICES,47190.58,yes,0,text layer,https://jcurry44.github.io/public-ledger/briefs/warrant-report-5-5-26-visa.html,https://www.northtonawanda.gov/documents/Warrant%20of%20Claims/2026/Warrant%20Report%205.5.26%20-%20VISA.pdf
04/21/2026,regular,Warrant Report 4.21.26,1018966.0,288,165,851551.27,1.2,30,prior-only,3,NATIONAL GRID,165492.89,yes,0,text layer,https://jcurry44.github.io/public-ledger/briefs/warrant-report-4-21-26.html,https://www.northtonawanda.gov/documents/Warrant%20of%20Claims/2026/Warrant%20Report%204.21.26.pdf
04/07/2026,regular,Warrant Report 4.7.26,1098267.32,482,237,849965.42,1.3,29,prior-only,5,PARADYME AUTOMATION LLC,156528.0,yes,0,text layer,https://jcurry44.github.io/public-ledger/briefs/warrant-report-4-7-26.html,https://www.northtonawanda.gov/documents/Warrant%20of%20Claims/2026/Warrant%20Report%204.7.26.pdf
04/07/2026,purchasing card,Warrant Report 4.7.26 VISA,8372.29,39,36,57228.75,0.1,1,thin (fewer than 3 prior),0,SAM'S CLUB,1474.8,yes,0,text layer,https://jcurry44.github.io/public-ledger/briefs/warrant-report-4-7-26-visa.html,https://www.northtonawanda.gov/documents/Warrant%20of%20Claims/2026/Warrant%20Report%204.7.26%20VISA.pdf
03/17/2026,regular,Warrant Report 3.17.26,1063310.43,314,157,815744.51,1.3,28,prior-only,4,SCOTT LAWN YARD,240281.54,yes,0,text layer,https://jcurry44.github.io/public-ledger/briefs/warrant-report-3-17-26.html,https://www.northtonawanda.gov/documents/Warrant%20of%20Claims/2026/Warrant%20Report%203.17.26.pdf
03/03/2026,regular,Warrant Report 3.3.26 - 2026,628467.76,193,118,849965.42,0.7,27,prior-only,3,ARTHUR J. GALLAGHER RISK,137342.0,yes,0,text layer,https://jcurry44.github.io/public-ledger/briefs/warrant-report-3-3-26-2026.html,https://www.northtonawanda.gov/documents/Warrant%20of%20Claims/2026/Warrant%20Report%203.3.26%20-%202026.pdf
02/17/2026,regular,Warrant Report 2.17.26 - 2026,1167776.15,272,141,815744.51,1.4,26,prior-only,3,D & H PAVING LLC,322014.53,yes,0,text layer,https://jcurry44.github.io/public-ledger/briefs/warrant-report-2-17-26-2026.html,https://www.northtonawanda.gov/documents/Warrant%20of%20Claims/2026/Warrant%20Report%202.17.26%20-%202026.pdf
02/03/2026,regular,Warrant Report 2.3.26-2026 Charges,342283.81,181,114,849965.42,0.4,25,prior-only,1,CORE & MAIN,28532.79,yes,0,text layer,https://jcurry44.github.io/public-ledger/briefs/warrant-report-2-3-26-2026-charges.html,https://www.northtonawanda.gov/documents/Warrant%20of%20Claims/2026/Warrant%20Report%202.3.26-2026%20Charges.pdf
02/03/2026,regular,Warrant Report 2.3.26-2025 Charges,414401.98,60,39,851551.27,0.5,24,prior-only,0,NOVA SITE COMPANY LLC,255674.31,yes,0,text layer,https://jcurry44.github.io/public-ledger/briefs/warrant-report-2-3-26-2025-charges.html,https://www.northtonawanda.gov/documents/Warrant%20of%20Claims/2026/Warrant%20Report%202.3.26-2025%20Charges.pdf
01/20/2026,regular,Warrant Report 1.20.26 - 2026,991472.54,134,89,849965.42,1.2,23,prior-only,5,PERMA,385803.0,yes,0,text layer,https://jcurry44.github.io/public-ledger/briefs/warrant-report-1-20-26-2026.html,https://www.northtonawanda.gov/documents/Warrant%20of%20Claims/2026/Warrant%20Report%201.20.26%20-%202026.pdf
12/02/2025,regular,Warrant Report 12.2.25,1900065.77,212,133,815744.51,2.3,22,prior-only,4,NOVA SITE COMPANY LLC,598460.97,yes,0,text layer,https://jcurry44.github.io/public-ledger/briefs/warrant-report-12-2-25.html,https://www.northtonawanda.gov/documents/Warrant%20of%20Claims/2025/Warrant%20Report%2012.2.25.pdf
11/18/2025,regular,Warrant Report 11.18.25,886793.55,328,155,781523.6,1.1,21,prior-only,3,KENWORTH OF BUFFALO,175177.0,yes,0,text layer,https://jcurry44.github.io/public-ledger/briefs/warrant-report-11-18-25.html,https://www.northtonawanda.gov/documents/Warrant%20of%20Claims/2025/Warrant%20Report%2011.18.25.pdf
11/04/2025,regular,Warrant Report 11.5.25,1172616.64,285,164,774201.19,1.5,20,prior-only,2,MONROE TRACTOR & IMPLEMENT CO,297122.83,yes,0,text layer,https://jcurry44.github.io/public-ledger/briefs/warrant-report-11-5-25.html,https://www.northtonawanda.gov/documents/Warrant%20of%20Claims/2025/Warrant%20Report%2011.5.25.pdf
10/07/2025,regular,Warrant Report 10.7.25,1352363.53,421,237,766878.78,1.8,19,prior-only,3,NOVA SITE COMPANY LLC,218798.79,yes,0,text layer,https://jcurry44.github.io/public-ledger/briefs/warrant-report-10-7-25.html,https://www.northtonawanda.gov/documents/Warrant%20of%20Claims/2025/Warrant%20Report%2010.7.25.pdf
09/16/2025,regular,Warrant report 9.16.25,665753.74,284,173,774201.19,0.9,18,prior-only,1,HIGHMARK BCBS OF WNY,123089.52,yes,0,text layer,https://jcurry44.github.io/public-ledger/briefs/warrant-report-9-16-25.html,https://www.northtonawanda.gov/documents/Warrant%20of%20Claims/2025/Warrant%20report%209.16.25.pdf
09/02/2025,regular,Warrant Report 9.2.25,1508889.21,259,160,766878.78,2.0,17,prior-only,2,PROFESSIONAL METERS INC,431261.34,yes,0,text layer,https://jcurry44.github.io/public-ledger/briefs/warrant-report-9-2-25.html,https://www.northtonawanda.gov/documents/Warrant%20of%20Claims/2025/Warrant%20Report%209.2.25.pdf
08/15/2025,regular,Warrant Report 8.19.25,849965.42,294,173,748105.72,1.1,16,prior-only,3,ARTHUR J. GALLAGHER RISK,139764.9,yes,0,text layer,https://jcurry44.github.io/public-ledger/briefs/warrant-report-8-19-25.html,https://www.northtonawanda.gov/documents/Warrant%20of%20Claims/2025/Warrant%20Report%208.19.25.pdf
08/05/2025,regular,Warrant Report 8.5.25,1527809.84,438,252,729332.67,2.1,15,prior-only,5,PROFESSIONAL METERS INC,219019.34,yes,0,text layer,https://jcurry44.github.io/public-ledger/briefs/warrant-report-8-5-25.html,https://www.northtonawanda.gov/documents/Warrant%20of%20Claims/2025/Warrant%20Report%208.5.25.pdf
07/14/2025,regular,warrant report 7.15.25,679516.4,327,200,748105.72,0.9,14,prior-only,0,"MASTER'S EDGE, INC.",194127.4,yes,0,text layer,https://jcurry44.github.io/public-ledger/briefs/warrant-report-7-15-25.html,https://www.northtonawanda.gov/documents/Warrant%20of%20Claims/2025/warrant%20report%207.15.25.pdf
06/17/2025,regular,Warrant Report 6.17.25,1140720.43,361,224,729332.67,1.6,13,prior-only,0,NATIONAL GRID,130376.27,yes,0,text layer,https://jcurry44.github.io/public-ledger/briefs/warrant-report-6-17-25.html,https://www.northtonawanda.gov/documents/Warrant%20of%20Claims/2025/Warrant%20Report%206.17.25.pdf
06/03/2025,regular,Warrant Report 6.3.25,781523.6,311,194,726060.78,1.1,12,prior-only,1,PROFESSIONAL METERS INC,180569.02,yes,0,text layer,https://jcurry44.github.io/public-ledger/briefs/warrant-report-6-3-25.html,https://www.northtonawanda.gov/documents/Warrant%20of%20Claims/2025/Warrant%20Report%206.3.25.pdf
05/20/2025,regular,Warrant Report 5.20.25,606542.32,342,183,729332.67,0.8,11,prior-only,1,"C & S ENGINEERS, INC.",75000.0,yes,0,text layer,https://jcurry44.github.io/public-ledger/briefs/warrant-report-5-20-25.html,https://www.northtonawanda.gov/documents/Warrant%20of%20Claims/2025/Warrant%20Report%205.20.25.pdf
05/06/2025,regular,Warrant Report 5.6.25.b,885267.55,440,272,726060.78,1.2,10,prior-only,4,TOKIO MARINE HCC - PRG,75000.0,yes,0,OCR of the city's scanned image,https://jcurry44.github.io/public-ledger/briefs/warrant-report-5-6-25-b.html,https://www.northtonawanda.gov/documents/Warrant%20of%20Claims/2025/Warrant%20Report%205.6.25.b.pdf
04/15/2025,regular,Warrant Report 4.15.25,719200.48,337,199,729332.67,1.0,9,prior-only,3,KENWORTH OF BUFFALO,171737.0,yes,0,OCR of the city's scanned image,https://jcurry44.github.io/public-ledger/briefs/warrant-report-4-15-25.html,https://www.northtonawanda.gov/documents/Warrant%20of%20Claims/2025/Warrant%20Report%204.15.25.pdf
04/01/2025,regular,Warrant Report 4.1.25,722788.9,262,180,748105.72,1.0,8,prior-only,4,TOKIO MARINE HCC - PRG,75000.0,yes,0,OCR of the city's scanned image,https://jcurry44.github.io/public-ledger/briefs/warrant-report-4-1-25.html,https://www.northtonawanda.gov/documents/Warrant%20of%20Claims/2025/Warrant%20Report%204.1.25.pdf
03/18/2025,regular,Warrant Report 3-18-25,766878.78,375,213,729332.67,1.1,7,prior-only,1,NATIONAL GRID,74215.99,yes,0,OCR of the city's scanned image,https://jcurry44.github.io/public-ledger/briefs/warrant-report-3-18-25.html,https://www.northtonawanda.gov/documents/Warrant%20of%20Claims/2025/Warrant%20Report%203-18-25.pdf
03/04/2025,regular,Warrant Report 3.4.25,853137.12,304,201,455363.67,1.9,6,prior-only,2,GRASSLAND EQUIPMENT,114406.8,yes,0,OCR of the city's scanned image,https://jcurry44.github.io/public-ledger/briefs/warrant-report-3-4-25.html,https://www.northtonawanda.gov/documents/Warrant%20of%20Claims/2025/Warrant%20Report%203.4.25.pdf
02/18/2025,regular,Warrant Report 2.18.25 - 2025,881619.61,357,187,181394.67,4.9,5,prior-only,0,NATIONAL GRID,70588.49,yes,0,text layer,https://jcurry44.github.io/public-ledger/briefs/warrant-report-2-18-25-2025.html,https://www.northtonawanda.gov/documents/Warrant%20of%20Claims/2025/Warrant%20Report%202.18.25%20-%202025.pdf
02/18/2025,regular,Warrant Report 2.18.25 - 2024,181394.67,30,19,409844.86,0.4,4,prior-only,0,"C & S ENGINEERS, INC.",75000.0,yes,0,text layer,https://jcurry44.github.io/public-ledger/briefs/warrant-report-2-18-25-2024.html,https://www.northtonawanda.gov/documents/Warrant%20of%20Claims/2025/Warrant%20Report%202.18.25%20-%202024.pdf
02/13/2025,purchasing card,Warrant Report 2.18.25 - VISA,57228.75,35,30,,,0,first on record,0,MODERN DISPOSAL SERVICES,46556.51,yes,0,text layer,https://jcurry44.github.io/public-ledger/briefs/warrant-report-2-18-25-visa.html,https://www.northtonawanda.gov/documents/Warrant%20of%20Claims/2025/Warrant%20Report%202.18.25%20-%20VISA.pdf
02/04/2025,regular,Warrant Report 2.4.25 - 2024 charges,90357.05,44,28,729332.67,0.1,3,prior-only,0,BUFFALO RECYCLING ENTERPRISES,33602.68,yes,0,text layer,https://jcurry44.github.io/public-ledger/briefs/warrant-report-2-4-25-2024-charges.html,https://www.northtonawanda.gov/documents/Warrant%20of%20Claims/2025/Warrant%20Report%202.4.25%20-%202024%20charges.pdf
01/21/2025,regular,Warrant Report 1-21-25,1070053.86,342,196,364703.21,2.9,2,thin (fewer than 3 prior),0,LAWLEY SERVICE INC.,181804.0,yes,0,OCR of the city's scanned image,https://jcurry44.github.io/public-ledger/briefs/warrant-report-1-21-25.html,https://www.northtonawanda.gov/documents/Warrant%20of%20Claims/2025/Warrant%20Report%201-21-25.pdf
01/07/2025,regular,Warrant Report 1.7 (005).25 pre issue,73.75,1,1,729332.67,0.0,1,thin (fewer than 3 prior),0,360 PSG INC,73.75,yes,0,text layer,https://jcurry44.github.io/public-ledger/briefs/warrant-report-1-7-005-25-pre-issue.html,https://www.northtonawanda.gov/documents/Warrant%20of%20Claims/2025/Warrant%20Report%201.7%20%28005%29.25%20pre%20issue.pdf
01/07/2025,regular,Warrant Report 1.7 (004).25,729332.67,255,160,,,0,first on record,0,NCA COMP INC.,262154.8,yes,0,text layer,https://jcurry44.github.io/public-ledger/briefs/warrant-report-1-7-004-25.html,https://www.northtonawanda.gov/documents/Warrant%20of%20Claims/2025/Warrant%20Report%201.7%20%28004%29.25.pdf
