fund,fund_name,project,approved_usd_claims_approved_by_the_city_not_necessarily_paid,lines,warrants,payees,first_warrant,last_warrant
615,CHIPS Highway Improvement,MAINTENANCE OF STREETS,2916598.77,65,14,12,2025-03-18,2026-09-15
618,PARKS & REC CAPITAL PROJE,MEMORIAL POOL REDESIGN,2077744.57,23,8,7,2025-07-14,2026-09-15
609,Water Plant Improvements,CITY-WIDE WATER METER UPGRAD,1590881.11,12,10,4,2025-05-06,2026-09-15
600,Capital Projects_Inactive Comb,ERIE CANAL BIKE PATH EXTE,1449881.58,10,7,4,2025-08-05,2026-08-18
613,Wastewater Treatment Improve,2022 SEWER IMPROVEMENTS,1007253.81,32,19,10,2025-01-07,2026-09-01
619,,Generator Repacement_WTP,938744.83,21,19,3,2025-01-21,2026-09-01
622,Smartgrowth Improvements,SMARTGROWTH 2.0,763970.57,18,16,3,2025-01-07,2026-08-18
609,Water Plant Improvements,WATER TREATMENT PLANT CRITICAR,602619.67,54,17,17,2025-08-05,2026-09-15
609,Water Plant Improvements,WATER/SEWER ANALYSIS,543529.0,16,15,1,2025-01-07,2026-09-01
613,Wastewater Treatment Improve,LIFT STATION UPGRADES 2026,361985.54,5,2,4,2026-08-18,2026-09-15
618,PARKS & REC CAPITAL PROJE,GRATWICK PARKING EXPANSION,339674.29,3,2,3,2025-11-04,2026-02-17
620,,FIRE,319240.65,4,3,2,2025-06-17,2026-07-21
618,PARKS & REC CAPITAL PROJE,500 WHEATFIELD EXPANISON,311279.1,6,4,1,2025-03-04,2026-09-01
605,City Hall Renovations,CITY HALL UPGRADES 2023-2024,290750.73,20,17,7,2025-03-04,2026-09-15
621,,SANITATION VEHICLE,279043.0,1,1,1,2026-09-01,2026-09-01
621,,PUBLIC WOKRS,265381.5,1,1,1,2025-09-02,2025-09-02
603,Watermain Replacement,TCMH FEASIBILITY STUDY,240000.0,6,6,1,2025-02-18,2026-09-01
613,Wastewater Treatment Improve,WASTERWATER TREATMENT,203988.75,2,2,1,2025-07-14,2026-03-17
609,Water Plant Improvements,"Acq., Cons., & ReCons., of WATER IM",193429.18,4,1,2,2025-10-07,2025-10-07
621,,Acquisition of Machinery and Apparatu,177887.0,2,2,2,2025-03-04,2025-04-15
618,PARKS & REC CAPITAL PROJE,GATEWAY STAGE,177564.56,2,2,2,2025-11-04,2026-06-16
607,Golf Course Improvements,GOLF COURSE EQUIPMENT 2024,175786.58,6,6,4,2025-03-04,2026-09-15
621,,DPW,175177.0,1,1,1,2025-11-18,2025-11-18
618,PARKS & REC CAPITAL PROJE,Reconstruction of docks at Gratwick Pa,144442.06,1,1,1,2026-08-04,2026-08-04
621,,SIDEWALK R&R,112207.63,3,2,1,2025-08-05,2025-09-02
620,,POLICE RANGE UPGRADES,112030.0,5,5,4,2025-09-16,2026-09-15
601,Keller Building Improvements,LIVE HOSE FLOOR IMPROVEMENT!,99769.43,4,3,1,2025-01-21,2025-04-01
603,Watermain Replacement,TRAFFIC SINGAL UPGRADES,96970.4,4,4,1,2025-08-05,2026-03-03
607,Golf Course Improvements,GOLD COURSE EQUIPMENT 2026,96121.41,2,2,1,2026-08-04,2026-09-01
618,PARKS & REC CAPITAL PROJE,PARKS ' RIVER MOWER,91000.0,1,1,1,2026-03-17,2026-03-17
600,Capital Projects_Inactive Comb,ACCOUNTING,85570.02,5,4,3,2025-01-21,2026-09-15
623,HIGHWAY IMPROVEMENTS,OLIVER STREET WALKABILITY,80510.53,9,9,1,2025-02-18,2026-07-07
621,,MEADOW-PAYNE INTERSECTION,71462.53,3,2,3,2026-09-01,2026-09-15
620,,TACTICAL TRAINING GRANT,55821.0,4,4,3,2025-12-02,2026-08-18
605,City Hall Renovations,ZONING CODE UPGRADE,46500.0,7,7,1,2026-02-03,2026-09-15
621,,Dump Body DPW,45457.63,4,3,3,2025-08-15,2025-10-07
618,PARKS & REC CAPITAL PROJE,WURLITZER PICKELBALL COURT,44150.0,1,1,1,2026-07-07,2026-07-07
618,PARKS & REC CAPITAL PROJE,LWRP WATERWAY DESIGN,44066.86,10,9,1,2025-01-07,2026-07-07
618,PARKS & REC CAPITAL PROJE,COMPREHENSIVE CITY PLAN,40513.76,9,8,1,2025-01-07,2025-12-02
618,PARKS & REC CAPITAL PROJE,BOTANICAL GIP IMPROVMENTS,31800.0,2,2,1,2026-08-04,2026-09-01
605,City Hall Renovations,CITYWIDE PROPERTY V&V PROJEC,25000.0,1,1,1,2026-09-15,2026-09-15
605,City Hall Renovations,CITY WIDE,23625.0,7,7,1,2025-02-18,2026-09-15
621,,STREETS,20300.0,2,2,1,2025-11-18,2026-09-15
609,Water Plant Improvements,WATER PLANT IMPROVEMERN,16224.89,1,1,1,2025-04-15,2025-04-15
607,Golf Course Improvements,IMPROVEMENTS TO THE DEERWOOR,14765.55,5,4,3,2025-04-01,2025-11-04
612,Technology Upgrades,TECHNOLOGY SOFTWARE,13742.17,1,1,1,2025-05-06,2025-05-06
618,PARKS & REC CAPITAL PROJE,IMPROVEMENTS TO PARKS AND RE,11739.0,2,2,2,2025-07-14,2026-09-01
618,PARKS & REC CAPITAL PROJE,BOTANICAL CAPITAL 25',10000.0,2,2,2,2025-08-15,2025-09-02
607,Golf Course Improvements,IMPROV TO DEERWOOD GOLFCOU,7592.54,6,4,4,2025-05-20,2025-11-18
618,PARKS & REC CAPITAL PROJE,GATEWAY IMPROVEMENTS,5904.26,6,3,2,2026-08-04,2026-09-15
620,,25-26 POLICE DISCOVERY GRANT,5379.88,3,3,1,2026-04-21,2026-07-21
618,PARKS & REC CAPITAL PROJE,MAYORS PARK KAYAK LAUNCH,38.0,1,1,1,2025-06-17,2025-06-17
