year,revenue_usd_as_filed,expenditure_usd_as_filed,net_usd_revenue_minus_expenditure,debt_proceeds_in_revenue_usd,sales_tax_distribution_a19854_usd,reporting_basis
1995,213047688,218326690,-5279002,,,before_2013
1996,210571945,218023909,-7451964,,,before_2013
1997,224644554,217832293,6812261,,,before_2013
1998,218386014,229364655,-10978641,,,before_2013
1999,227245778,232349547,-5103769,,,before_2013
2000,271940789,260918759,11022030,,,before_2013
2001,237428455,255522903,-18094448,,,before_2013
2002,251426261,266973468,-15547207,,,before_2013
2003,270964660,270188878.31,775781.69,,,before_2013
2004,280965527,299250018,-18284491,,,before_2013
2005,317330086,310892391,6437695,,,before_2013
2006,302162648,303620077,-1457429,,,before_2013
2007,349905017,352176847.6,-2271830.6,,39502696,before_2013
2008,360571991,343449692,17122299,,41275475,before_2013
2009,357031959,345812362,11219597,,41197722,before_2013
2010,354932115,347043245,7888870,,42782025,before_2013
2011,365805455,368200654,-2395199,,45909172,before_2013
2012,371436271,380478892,-9042621,,47719362,before_2013
2013,397959152,393942316,4016836,25117258,49220169,2013_and_after
2014,392885346,408773277,-15887931,0,49965237,2013_and_after
2015,403859926,411057861,-7197935,4030000,49539741,2013_and_after
2016,432297598,394329352,37968246,45576415,48804304,2013_and_after
2017,380486688,409815366,-29328678,0,48582820,2013_and_after
2018,416557801,409609216,6948585,11688800,52303414,2013_and_after
2019,421502961,431799701.93,-10296740.93,13750000,53504112,2013_and_after
2020,429147997,423915278,5232719,0,52894114,2013_and_after
2021,440989804,419172688,21817116,,61224963,2013_and_after
2022,481928255,450386086,31542169,,65396203,2013_and_after
2023,517440361,493951465,23488896,5935000,69102854,2013_and_after
2024,552731528,539352349,13379179,2668504,69101277,2013_and_after
2025,569128245,557391338,11736907,7998110,73534274,2013_and_after
