year,record,government,class,account,amount_usd_as_filed,share_of_recipients_sum_pct
2024,county_line,Niagara County,county,A19854 Distribution of Sales Tax,69101277,
2024,recipient_own_filing,Niagara Falls,city,A1120 Non-Property Tax Distribution by County,13108755,18.94
2024,recipient_own_filing,North Tonawanda,city,A1120 Non-Property Tax Distribution by County,10741427,15.52
2024,recipient_own_filing,Lockport,town,A1120 Non-Property Tax Distribution by County,7242784,10.47
2024,recipient_own_filing,Wheatfield,town,A1120 Non-Property Tax Distribution by County,6564752.9,9.49
2024,recipient_own_filing,Lockport,city,A1120 Non-Property Tax Distribution by County,5610593,8.11
2024,recipient_own_filing,Lewiston,town,A1120 Non-Property Tax Distribution by County,4947393,7.15
2024,recipient_own_filing,Newfane,town,A1120 Non-Property Tax Distribution by County,3277093,4.74
2024,recipient_own_filing,Niagara,town,A1120 Non-Property Tax Distribution by County,2783627,4.02
2024,recipient_own_filing,Pendleton,town,A1120 Non-Property Tax Distribution by County,2477896,3.58
2024,recipient_own_filing,Royalton,town,A1120 Non-Property Tax Distribution by County,2359963,3.41
2024,recipient_own_filing,Cambria,town,A1120 Non-Property Tax Distribution by County,2022823,2.92
2024,recipient_own_filing,Wilson,town,A1120 Non-Property Tax Distribution by County,1751109,2.53
2024,recipient_own_filing,Porter,town,A1120 Non-Property Tax Distribution by County,1745981,2.52
2024,recipient_own_filing,Hartland,town,A1120 Non-Property Tax Distribution by County,1326502,1.92
2024,recipient_own_filing,Lewiston,village,A1120 Non-Property Tax Distribution by County,1105814,1.6
2024,recipient_own_filing,Somerset,town,A1120 Non-Property Tax Distribution by County,714755,1.03
2024,recipient_own_filing,Youngstown,village,A1120 Non-Property Tax Distribution by County,554564.93,0.8
2024,recipient_own_filing,Wilson,village,A1120 Non-Property Tax Distribution by County,337442.68,0.49
2024,recipient_own_filing,Middleport,village,A1120 Non-Property Tax Distribution by County,321359.11,0.46
2024,recipient_own_filing,Barker,village,A1120 Non-Property Tax Distribution by County,203762.11,0.29
