county,year,population_2020_census,revenue_usd_as_filed,expenditure_usd_as_filed,property_tax_levy_usd_as_filed,spending_usd_per_resident,revenue_usd_per_resident,property_tax_levy_usd_per_resident,spending_rank_among_peer_counties
Cattaraugus,2025,77042,315177913,323109658,57441700,4193.94,4090.99,745.59,1
Erie,2025,954236,3630383896.62,3675118876.62,338468872.48,3851.37,3804.49,354.7,2
Broome,2025,198683,753737120,750109894,75420906,3775.41,3793.67,379.6,3
Genesee,2025,58388,212874471,210727564,33880566,3609.09,3645.86,580.27,4
Chautauqua,2025,127657,445804068.8,442786310.15,71383970.24,3468.56,3492.2,559.19,5
Orleans,2025,40343,126963419,124113803.76,19391217.44,3076.46,3147.1,480.66,6
Oneida,2025,232125,686968424.63,670017376.87,66415100.5,2886.45,2959.48,286.12,7
Niagara,2025,212666,569128245,557391338,103267471,2620.97,2676.16,485.59,8
Saratoga,2025,235509,500711723.4,484820714.94,68771525.96,2058.61,2126.08,292.01,9
