member,first_year,last_year,serving_now,readable_meetings,absences,attendance_share_pct,no_votes,no_votes_per_100_voted,sponsored,moved,seconded
Abbott,2022,2026,yes,65,4,93.8,2,0.07,126,75,13
Andres,2015,2026,yes,170,14,91.8,3,0.05,220,97,76
Bradt,2015,2026,yes,170,23,86.5,5,0.09,264,3547,154
Burmaster,2015,2019,,77,13,83.1,0,0.0,64,33,27
Casale,2026,2026,yes,9,0,100.0,0,0.0,32,2,3
Collins,2016,2023,,115,8,93.0,1,0.03,105,39,63
Elder,2022,2026,yes,65,1,98.5,12,0.41,165,1,476
Farruggia,2026,2026,yes,9,0,100.0,1,0.23,35,1,0
Foti,2022,2026,yes,65,8,87.7,1,0.03,141,36,9
Godfrey,2015,2026,yes,170,17,90.0,3,0.05,222,264,72
Gooch,2019,2026,yes,109,15,86.2,2,0.05,141,58,25
Grozio,2015,2023,,133,11,91.7,30,0.76,159,10,163
Hill,2015,2026,yes,170,44,74.1,2,0.04,134,579,57
Lance,2015,2018,,61,11,82.0,0,0.0,71,29,41
McKimmie,2024,2026,yes,37,3,91.9,2,0.12,94,12,8
McNall,2015,2019,,77,4,94.8,1,0.05,85,15,11
Mullane,2020,2021,,28,2,92.9,4,0.53,47,2,12
Myers,2020,2026,yes,93,21,77.4,0,0.0,137,15,62
Nemi,2015,2026,yes,170,19,88.8,3,0.05,261,228,118
Robins,2020,2026,yes,93,5,94.6,17,0.47,190,33,2109
Ross,2015,2015,,18,0,100.0,0,0.0,19,20,9
Speranza,2024,2026,yes,37,1,97.3,4,0.23,69,0,10
Steed,2015,2021,,105,18,82.9,19,0.68,133,4,53
Syracuse,2015,2021,,105,5,95.2,0,0.0,134,167,75
Updegrove,2015,2015,,18,0,100.0,0,0.0,21,263,12
Virtuoso,2015,2021,,105,11,89.5,24,0.86,124,71,1861
Voccio,2022,2025,,56,1,98.2,1,0.04,97,7,6
Wydysh,2016,2025,,143,5,96.5,0,0.0,182,30,35
Zona,2015,2019,,77,21,72.7,10,0.49,83,20,98
