year,revenue_usd_as_filed,expenditure_usd_as_filed,net_usd_revenue_minus_expenditure,debt_proceeds_in_revenue_usd,county_sales_tax_a1120_usd,reporting_basis
1995,94402009,125154968,-30752959,,7765462,before_2013
1996,101004397,128573164,-27568767,,7295717,before_2013
1997,95102339,99613103,-4510764,,7330105,before_2013
1998,96216874,95917996,298878,,7191864,before_2013
1999,93996064,106391587,-12395523,,7533862,before_2013
2000,90863349,104968168,-14104819,,7730639,before_2013
2001,100039743,100716088,-676345,,6908453,before_2013
2002,98470970,103841971,-5371001,,6794729,before_2013
2003,172933366,186632051,-13698685,,7204442,before_2013
2004,78096131,88387472.4,-10291341.4,,6993221,before_2013
2005,86149967,85633431,516536,,6916586,before_2013
2006,106618310,92539777,14078533,,7546733,before_2013
2007,129055878,112129479,16926399,,7646934,before_2013
2008,103598142,138092238,-34494096,,8164243,before_2013
2009,130730131,118098874,12631257,,7809885,before_2013
2010,102318678,123476004,-21157326,,8179040,before_2013
2011,99545158,130874886,-31329728,,8241100,before_2013
2012,98175737,113492321,-15316584,,8560588,before_2013
2013,236705756,175954060,60751696,0,8818411,2013_and_after
2014,157597120,174203333,-16606213,7920000,8932716,2013_and_after
2015,144911189,156894204,-11983015,,8887948,2013_and_after
2016,181545092.24,191426588.61,-9881496.37,37490000,8850148,2013_and_after
2017,131876769,142361504,-10484735,8093305,9171852,2013_and_after
2018,124931427.31,139422290.03,-14490862.72,0,9691941,2013_and_after
2019,142203039,143608620,-1405581,0,10004273,2013_and_after
2020,143563349,145397802,-1834453,0,10144642,2013_and_after
2021,191529604,187733604.8,3795999.2,,11529554,2013_and_after
2022,252387717,230327628,22060089,,12183952,2013_and_after
2023,233359536,222315796,11043740,,13017497,2013_and_after
2024,233225874,221159638,12066236,,13108755,2013_and_after
2025,237426466,230306551,7119915,,13910833,2013_and_after
