government,class,year,revenue_usd_as_filed,expenditure_usd_as_filed,net_usd_revenue_minus_expenditure,reporting_basis,population_2020_census
Lockport,city,1995,22996965,23310313,-313348,before_2013,20876
Lockport,city,1996,23707449,24159743,-452294,before_2013,20876
Lockport,city,1997,22315829,23343710,-1027881,before_2013,20876
Lockport,city,1998,22844458,23879903,-1035445,before_2013,20876
Lockport,city,1999,23464536,24027727,-563191,before_2013,20876
Lockport,city,2000,24921061,24380528,540533,before_2013,20876
Lockport,city,2001,26816061,27514862,-698801,before_2013,20876
Lockport,city,2002,26044448,27171153,-1126705,before_2013,20876
Lockport,city,2003,25278820,29113625,-3834805,before_2013,20876
Lockport,city,2004,26898373,29049853,-2151480,before_2013,20876
Lockport,city,2005,30082967,33480554,-3397587,before_2013,20876
Lockport,city,2006,30437322,32825639,-2388317,before_2013,20876
Lockport,city,2007,33473892,32763549,710343,before_2013,20876
Lockport,city,2008,32987509,30849303,2138206,before_2013,20876
Lockport,city,2009,31071719,32281479,-1209760,before_2013,20876
Lockport,city,2010,30360559,31040275,-679716,before_2013,20876
Lockport,city,2011,31563652,33460672,-1897020,before_2013,20876
Lockport,city,2012,32346646,37899860,-5553214,before_2013,20876
Lockport,city,2013,34711131,41116253,-6405122,2013_and_after,20876
Lockport,city,2014,38513446,34203881,4309565,2013_and_after,20876
Lockport,city,2015,36491352,35301842,1189510,2013_and_after,20876
Lockport,city,2016,43588808,41373949,2214859,2013_and_after,20876
Lockport,city,2017,51109357,42612966,8496391,2013_and_after,20876
Lockport,city,2018,46135381,44362594,1772787,2013_and_after,20876
Lockport,city,2019,46800559,48739955,-1939396,2013_and_after,20876
Lockport,city,2020,51552285,41918121,9634164,2013_and_after,20876
Lockport,city,2021,49636821,47275108,2361713,2013_and_after,20876
Lockport,city,2022,52436702,53400050,-963348,2013_and_after,20876
Lockport,city,2023,53043975,54079765,-1035790,2013_and_after,20876
Lockport,city,2024,53505235,51271235,2234000,2013_and_after,20876
Lockport,city,2025,58420782,57173996,1246786,2013_and_after,20876
Niagara Falls,city,1995,94402009,125154968,-30752959,before_2013,48671
Niagara Falls,city,1996,101004397,128573164,-27568767,before_2013,48671
Niagara Falls,city,1997,95102339,99613103,-4510764,before_2013,48671
Niagara Falls,city,1998,96216874,95917996,298878,before_2013,48671
Niagara Falls,city,1999,93996064,106391587,-12395523,before_2013,48671
Niagara Falls,city,2000,90863349,104968168,-14104819,before_2013,48671
Niagara Falls,city,2001,100039743,100716088,-676345,before_2013,48671
Niagara Falls,city,2002,98470970,103841971,-5371001,before_2013,48671
Niagara Falls,city,2003,172933366,186632051,-13698685,before_2013,48671
Niagara Falls,city,2004,78096131,88387472.4,-10291341.4,before_2013,48671
Niagara Falls,city,2005,86149967,85633431,516536,before_2013,48671
Niagara Falls,city,2006,106618310,92539777,14078533,before_2013,48671
Niagara Falls,city,2007,129055878,112129479,16926399,before_2013,48671
Niagara Falls,city,2008,103598142,138092238,-34494096,before_2013,48671
Niagara Falls,city,2009,130730131,118098874,12631257,before_2013,48671
Niagara Falls,city,2010,102318678,123476004,-21157326,before_2013,48671
Niagara Falls,city,2011,99545158,130874886,-31329728,before_2013,48671
Niagara Falls,city,2012,98175737,113492321,-15316584,before_2013,48671
Niagara Falls,city,2013,236705756,175954060,60751696,2013_and_after,48671
Niagara Falls,city,2014,157597120,174203333,-16606213,2013_and_after,48671
Niagara Falls,city,2015,144911189,156894204,-11983015,2013_and_after,48671
Niagara Falls,city,2016,181545092.24,191426588.61,-9881496.37,2013_and_after,48671
Niagara Falls,city,2017,131876769,142361504,-10484735,2013_and_after,48671
Niagara Falls,city,2018,124931427.31,139422290.03,-14490862.72,2013_and_after,48671
Niagara Falls,city,2019,142203039,143608620,-1405581,2013_and_after,48671
Niagara Falls,city,2020,143563349,145397802,-1834453,2013_and_after,48671
Niagara Falls,city,2021,191529604,187733604.8,3795999.2,2013_and_after,48671
Niagara Falls,city,2022,252387717,230327628,22060089,2013_and_after,48671
Niagara Falls,city,2023,233359536,222315796,11043740,2013_and_after,48671
Niagara Falls,city,2024,233225874,221159638,12066236,2013_and_after,48671
Niagara Falls,city,2025,237426466,230306551,7119915,2013_and_after,48671
North Tonawanda,city,1995,31131124,33552191,-2421067,before_2013,30496
North Tonawanda,city,1996,33156728,34643514,-1486786,before_2013,30496
North Tonawanda,city,1997,33267179,33787605,-520426,before_2013,30496
North Tonawanda,city,1998,33325168,33684982,-359814,before_2013,30496
North Tonawanda,city,1999,33918750,34193884,-275134,before_2013,30496
North Tonawanda,city,2000,36893501,40306314,-3412813,before_2013,30496
North Tonawanda,city,2001,30800528,34543107,-3742579,before_2013,30496
North Tonawanda,city,2002,32616945,37148161,-4531216,before_2013,30496
North Tonawanda,city,2003,33445739,38481145,-5035406,before_2013,30496
North Tonawanda,city,2004,38440346,40619206,-2178860,before_2013,30496
North Tonawanda,city,2005,39594957,42398742,-2803785,before_2013,30496
North Tonawanda,city,2006,43611213,46306877,-2695664,before_2013,30496
North Tonawanda,city,2007,42120910,45095847,-2974937,before_2013,30496
North Tonawanda,city,2008,44591979,46372003,-1780024,before_2013,30496
North Tonawanda,city,2009,42479102.74,46185114.24,-3706011.5,before_2013,30496
North Tonawanda,city,2010,45175260,46725138,-1549878,before_2013,30496
North Tonawanda,city,2011,46923287,46347733,575554,before_2013,30496
North Tonawanda,city,2012,48486705,43574879,4911826,before_2013,30496
North Tonawanda,city,2013,48449092,48880878,-431786,2013_and_after,30496
North Tonawanda,city,2014,49859333,50023520,-164187,2013_and_after,30496
North Tonawanda,city,2015,49280974,49015414,265560,2013_and_after,30496
North Tonawanda,city,2016,51050500.8,50867481.8,183019,2013_and_after,30496
North Tonawanda,city,2017,47596679,49772210,-2175531,2013_and_after,30496
North Tonawanda,city,2018,53413441,51833214,1580227,2013_and_after,30496
North Tonawanda,city,2019,51263441,54749418,-3485977,2013_and_after,30496
North Tonawanda,city,2020,50954666,52610501,-1655835,2013_and_after,30496
North Tonawanda,city,2021,51771819,56778044,-5006225,2013_and_after,30496
North Tonawanda,city,2022,57323299,57233395,89904,2013_and_after,30496
North Tonawanda,city,2023,67190734,61489697,5701037,2013_and_after,30496
North Tonawanda,city,2024,63519207,66023474,-2504267,2013_and_after,30496
Cambria,town,1995,2520437,3125752,-605315,before_2013,5743
Cambria,town,1996,2553532,2557060,-3528,before_2013,5743
Cambria,town,1997,2658647,2654845,3802,before_2013,5743
Cambria,town,1998,2776036,2840937,-64901,before_2013,5743
Cambria,town,1999,2806359,3128237,-321878,before_2013,5743
Cambria,town,2000,3024332.48,2955433.15,68899.33,before_2013,5743
Cambria,town,2001,3226457,3010160,216297,before_2013,5743
Cambria,town,2002,3397097,3019925,377172,before_2013,5743
Cambria,town,2003,3452902,3322740,130162,before_2013,5743
Cambria,town,2004,3366372,3941898,-575526,before_2013,5743
Cambria,town,2005,3605838,5444573,-1838735,before_2013,5743
Cambria,town,2006,4151190,4136155,15035,before_2013,5743
Cambria,town,2007,4014699,4054499,-39800,before_2013,5743
Cambria,town,2008,4100899,4516319,-415420,before_2013,5743
Cambria,town,2009,4100299,4036564,63735,before_2013,5743
Cambria,town,2010,4176866,4247088,-70222,before_2013,5743
Cambria,town,2011,4549855,4560390,-10535,before_2013,5743
Cambria,town,2012,5164832,5036023,128809,before_2013,5743
Cambria,town,2013,5315299,5003009,312290,2013_and_after,5743
Cambria,town,2014,5165589,4867752.14,297836.86,2013_and_after,5743
Cambria,town,2015,5333356,4872235,461121,2013_and_after,5743
Cambria,town,2016,5744702,6502398,-757696,2013_and_after,5743
Cambria,town,2017,5779495,5026412,753083,2013_and_after,5743
Cambria,town,2018,5918998,5177978,741020,2013_and_after,5743
Cambria,town,2019,5919785,5166173.3,753611.7,2013_and_after,5743
Cambria,town,2020,5839266,6049163,-209897,2013_and_after,5743
Cambria,town,2021,7453259,7158195,295064,2013_and_after,5743
Cambria,town,2022,6595781,5743072,852709,2013_and_after,5743
Cambria,town,2023,7564055,6877287,686768,2013_and_after,5743
Cambria,town,2024,6849700,6106538,743162,2013_and_after,5743
Cambria,town,2025,6943286,6705011,238275,2013_and_after,5743
Hartland,town,1995,1880927,2183295,-302368,before_2013,3874
Hartland,town,1996,1946406,2107279,-160873,before_2013,3874
Hartland,town,1997,2017701,2070953,-53252,before_2013,3874
Hartland,town,1998,1938276,1969486,-31210,before_2013,3874
Hartland,town,1999,2033227,2082916,-49689,before_2013,3874
Hartland,town,2000,2353435,2398130,-44695,before_2013,3874
Hartland,town,2001,2440881,2388797,52084,before_2013,3874
Hartland,town,2002,2248602,2247392,1210,before_2013,3874
Hartland,town,2003,2418529,2454521,-35992,before_2013,3874
Hartland,town,2004,2584510,2660807,-76297,before_2013,3874
Hartland,town,2005,2558185,2679213,-121028,before_2013,3874
Hartland,town,2006,2678022,2788019,-109997,before_2013,3874
Hartland,town,2007,2926531,2945240,-18709,before_2013,3874
Hartland,town,2008,3026320,3013937,12383,before_2013,3874
Hartland,town,2009,3181514,2851137,330377,before_2013,3874
Hartland,town,2010,3402114,3245516,156598,before_2013,3874
Hartland,town,2011,3596046,3366574,229472,before_2013,3874
Hartland,town,2012,3507063,3556542,-49479,before_2013,3874
Hartland,town,2013,3863718,3553032,310686,2013_and_after,3874
Hartland,town,2014,3877981,3762377,115604,2013_and_after,3874
Hartland,town,2015,3775036,3644128,130908,2013_and_after,3874
Hartland,town,2016,3722757,3635650,87107,2013_and_after,3874
Hartland,town,2017,3561245,3582222,-20977,2013_and_after,3874
Hartland,town,2018,3843981,3825455,18526,2013_and_after,3874
Hartland,town,2019,3738290,3713748,24542,2013_and_after,3874
Hartland,town,2020,3612584,3401202,211382,2013_and_after,3874
Hartland,town,2021,4163597,4270315,-106718,2013_and_after,3874
Hartland,town,2022,4570352,5023583,-453231,2013_and_after,3874
Hartland,town,2023,4177030.25,4003322,173708.25,2013_and_after,3874
Hartland,town,2024,4112058,4275217,-163159,2013_and_after,3874
Hartland,town,2025,4974425.78,4817398.58,157027.2,2013_and_after,3874
Lewiston,town,1995,9296153,8126727,1169426,before_2013,15944
Lewiston,town,1996,9533192,11444860,-1911668,before_2013,15944
Lewiston,town,1997,8608699,8930608,-321909,before_2013,15944
Lewiston,town,1998,9452050,10067235,-615185,before_2013,15944
Lewiston,town,1999,9732522,10532790,-800268,before_2013,15944
Lewiston,town,2000,9350844,10723676,-1372832,before_2013,15944
Lewiston,town,2001,9993805.73,10513312.16,-519506.43,before_2013,15944
Lewiston,town,2002,9735814.43,11393490.6,-1657676.17,before_2013,15944
Lewiston,town,2003,10204480.08,11282678.93,-1078198.85,before_2013,15944
Lewiston,town,2004,10436027.83,13745304.31,-3309276.48,before_2013,15944
Lewiston,town,2005,12465090.03,11713090.92,751999.11,before_2013,15944
Lewiston,town,2006,11453735.89,12076504.63,-622768.74,before_2013,15944
Lewiston,town,2007,12262504.99,12427426.32,-164921.33,before_2013,15944
Lewiston,town,2008,12448896.2,13636374.22,-1187478.02,before_2013,15944
Lewiston,town,2009,12718760.47,12934075.78,-215315.31,before_2013,15944
Lewiston,town,2010,14131143,14175420,-44277,before_2013,15944
Lewiston,town,2011,14353437,14690344,-336907,before_2013,15944
Lewiston,town,2012,15366672,16226238,-859566,before_2013,15944
Lewiston,town,2013,21249198,20105448,1143750,2013_and_after,15944
Lewiston,town,2014,17318471,18357655,-1039184,2013_and_after,15944
Lewiston,town,2015,24140498.2,23739764.2,400734,2013_and_after,15944
Lewiston,town,2016,16114868.73,15555181.22,559687.51,2013_and_after,15944
Lewiston,town,2017,17762451,16385781,1376670,2013_and_after,15944
Lewiston,town,2018,19427959,17949012,1478947,2013_and_after,15944
Lewiston,town,2019,20182163,18893821,1288342,2013_and_after,15944
Lewiston,town,2020,19396433,23673950,-4277517,2013_and_after,15944
Lewiston,town,2021,25082499,25861600,-779101,2013_and_after,15944
Lewiston,town,2022,33928329,23657853,10270476,2013_and_after,15944
Lewiston,town,2023,22074036,20217055,1856981,2013_and_after,15944
Lewiston,town,2024,25280879,24984718,296161,2013_and_after,15944
Lewiston,town,2025,25927237,25664410,262827,2013_and_after,15944
Lockport,town,1995,9911361,12171998,-2260637,before_2013,20563
Lockport,town,1996,9439942,11783100,-2343158,before_2013,20563
Lockport,town,1997,10231104,13275243,-3044139,before_2013,20563
Lockport,town,1998,10846250,16927250,-6081000,before_2013,20563
Lockport,town,1999,11218268,11870004,-651736,before_2013,20563
Lockport,town,2000,11345121,14272822,-2927701,before_2013,20563
Lockport,town,2001,12265358,16470378,-4205020,before_2013,20563
Lockport,town,2002,12579930,12153258,426672,before_2013,20563
Lockport,town,2003,12872738,21475193,-8602455,before_2013,20563
Lockport,town,2004,13048941,13960175,-911234,before_2013,20563
Lockport,town,2005,13235974,14023995,-788021,before_2013,20563
Lockport,town,2006,13665758,13256010,409748,before_2013,20563
Lockport,town,2007,13985739,18582157,-4596418,before_2013,20563
Lockport,town,2008,13687821,13509424,178397,before_2013,20563
Lockport,town,2009,13587616,13229758,357858,before_2013,20563
Lockport,town,2010,13750335,13203506,546829,before_2013,20563
Lockport,town,2011,14447120,14155139,291981,before_2013,20563
Lockport,town,2012,14767609,13463268,1304341,before_2013,20563
Lockport,town,2013,14986795,14563521,423274,2013_and_after,20563
Lockport,town,2014,15870049,16996525,-1126476,2013_and_after,20563
Lockport,town,2015,15988448,19378304,-3389856,2013_and_after,20563
Lockport,town,2016,21889450,17052479,4836971,2013_and_after,20563
Lockport,town,2017,16043473,20453443,-4409970,2013_and_after,20563
Lockport,town,2018,24542260,18952308,5589952,2013_and_after,20563
Lockport,town,2019,21577367,18884212,2693155,2013_and_after,20563
Lockport,town,2020,18298363,15367296,2931067,2013_and_after,20563
Lockport,town,2021,22600296,19930380,2669916,2013_and_after,20563
Lockport,town,2022,22531533,18677400,3854133,2013_and_after,20563
Lockport,town,2023,27844061,28280929,-436868,2013_and_after,20563
Lockport,town,2024,23909545,19918970,3990575,2013_and_after,20563
Lockport,town,2025,26500787,27171348,-670561,2013_and_after,20563
Newfane,town,1995,4918061,5123255,-205194,before_2013,9304
Newfane,town,1996,5199904,5190939,8965,before_2013,9304
Newfane,town,1997,5855401,5591018,264383,before_2013,9304
Newfane,town,1998,5592121,6777630,-1185509,before_2013,9304
Newfane,town,1999,5745515,5469993,275522,before_2013,9304
Newfane,town,2000,5476614.31,5023733.49,452880.82,before_2013,9304
Newfane,town,2001,5752148.16,5253470.88,498677.28,before_2013,9304
Newfane,town,2002,6056459.93,5648262.1,408197.83,before_2013,9304
Newfane,town,2003,6358073.49,5936118.18,421955.31,before_2013,9304
Newfane,town,2004,5515502.32,5620881.91,-105379.59,before_2013,9304
Newfane,town,2005,6929600.3,6655171.83,274428.47,before_2013,9304
Newfane,town,2006,6300118.15,6501415.86,-201297.71,before_2013,9304
Newfane,town,2007,6046588.52,6970288.19,-923699.67,before_2013,9304
Newfane,town,2008,6381722,8736232.49,-2354510.49,before_2013,9304
Newfane,town,2009,6424797,9480041,-3055244,before_2013,9304
Newfane,town,2010,7024300,6866692,157608,before_2013,9304
Newfane,town,2011,6739711,6911705,-171994,before_2013,9304
Newfane,town,2012,7144469,7372632,-228163,before_2013,9304
Newfane,town,2013,7608376,8016329,-407953,2013_and_after,9304
Newfane,town,2014,7106898,7254088,-147190,2013_and_after,9304
Newfane,town,2015,7493590,8398212,-904622,2013_and_after,9304
Newfane,town,2016,7550461,8083723,-533262,2013_and_after,9304
Newfane,town,2017,7222213,7123696,98517,2013_and_after,9304
Newfane,town,2018,7456153,7706805,-250652,2013_and_after,9304
Newfane,town,2019,8291812,7742008,549804,2013_and_after,9304
Newfane,town,2020,8213177,8198412,14765,2013_and_after,9304
Newfane,town,2021,19815377,20253310,-437933,2013_and_after,9304
Newfane,town,2022,12187012,12041309,145703,2013_and_after,9304
Newfane,town,2023,11415188,10895829,519359,2013_and_after,9304
Newfane,town,2024,10557502,14661230,-4103728,2013_and_after,9304
Newfane,town,2025,11312876,11602471,-289595,2013_and_after,9304
Niagara,town,1995,5944029,5517076,426953,before_2013,7903
Niagara,town,1996,5891674,7162984,-1271310,before_2013,7903
Niagara,town,1997,6425054,6608152,-183098,before_2013,7903
Niagara,town,1998,6582600,6993557,-410957,before_2013,7903
Niagara,town,1999,7309111,6757193,551918,before_2013,7903
Niagara,town,2000,7248720.55,6646861.24,601859.31,before_2013,7903
Niagara,town,2001,6723172.71,7218150.45,-494977.74,before_2013,7903
Niagara,town,2002,7352305.43,8896134.22,-1543828.79,before_2013,7903
Niagara,town,2003,6697229.82,7892085.01,-1194855.19,before_2013,7903
Niagara,town,2004,7065017.2,8496686.96,-1431669.76,before_2013,7903
Niagara,town,2005,7928525.09,7570870.84,357654.25,before_2013,7903
Niagara,town,2006,6986511.48,7339810.45,-353298.97,before_2013,7903
Niagara,town,2007,7528869.69,10071580.87,-2542711.18,before_2013,7903
Niagara,town,2008,9140108.37,7995055.27,1145053.1,before_2013,7903
Niagara,town,2009,8573548.98,8009275.33,564273.65,before_2013,7903
Niagara,town,2010,7203989,7954149,-750160,before_2013,7903
Niagara,town,2011,7937641,7576890.48,360750.52,before_2013,7903
Niagara,town,2012,8102290,15779788,-7677498,before_2013,7903
Niagara,town,2013,8573961,7934615,639346,2013_and_after,7903
Niagara,town,2014,8385318,9009872,-624554,2013_and_after,7903
Niagara,town,2015,9988827,9866620,122207,2013_and_after,7903
Niagara,town,2016,9791477,10930596,-1139119,2013_and_after,7903
Niagara,town,2017,9204267,10437748,-1233481,2013_and_after,7903
Niagara,town,2018,9931610,8944134,987476,2013_and_after,7903
Niagara,town,2019,9613704,9774531,-160827,2013_and_after,7903
Niagara,town,2020,11191532,11084163,107369,2013_and_after,7903
Niagara,town,2021,15051471,11978786,3072685,2013_and_after,7903
Niagara,town,2022,14507153,15255790,-748637,2013_and_after,7903
Niagara,town,2023,14032912,13323594,709318,2013_and_after,7903
Niagara,town,2024,12313422,12546733,-233311,2013_and_after,7903
Niagara,town,2025,13161078,13777911,-616833,2013_and_after,7903
Pendleton,town,1995,2650541,2563224,87317,before_2013,7035
Pendleton,town,1996,3008600,3078427,-69827,before_2013,7035
Pendleton,town,1997,3123235,3595611,-472376,before_2013,7035
Pendleton,town,1998,3181022,3026084,154938,before_2013,7035
Pendleton,town,1999,3129979,2951179,178800,before_2013,7035
Pendleton,town,2000,3213434.18,3042044.42,171389.76,before_2013,7035
Pendleton,town,2001,3505430.78,3886705.83,-381275.05,before_2013,7035
Pendleton,town,2002,3361524.77,3524248.27,-162723.5,before_2013,7035
Pendleton,town,2003,3581923.74,3245765.36,336158.38,before_2013,7035
Pendleton,town,2004,3603341.36,3121080.56,482260.8,before_2013,7035
Pendleton,town,2005,3868422,3215755,652667,before_2013,7035
Pendleton,town,2006,3834351,3648506,185845,before_2013,7035
Pendleton,town,2007,4172637,4142911,29726,before_2013,7035
Pendleton,town,2008,3958641,3997421,-38780,before_2013,7035
Pendleton,town,2009,4000644,3524787,475857,before_2013,7035
Pendleton,town,2010,4061563,4294839,-233276,before_2013,7035
Pendleton,town,2011,4071775,3543170,528605,before_2013,7035
Pendleton,town,2012,4437183,4336696,100487,before_2013,7035
Pendleton,town,2013,4216237,3598376,617861,2013_and_after,7035
Pendleton,town,2014,4233436,3549891,683545,2013_and_after,7035
Pendleton,town,2015,4299404,3718078,581326,2013_and_after,7035
Pendleton,town,2016,4366888,4113471,253417,2013_and_after,7035
Pendleton,town,2017,4488930,4692054,-203124,2013_and_after,7035
Pendleton,town,2018,5379555,5274725,104830,2013_and_after,7035
Pendleton,town,2019,7665211,7605780,59431,2013_and_after,7035
Pendleton,town,2020,4754993,4153318,601675,2013_and_after,7035
Pendleton,town,2021,6016533,4701456,1315077,2013_and_after,7035
Pendleton,town,2022,5927866,6008397,-80531,2013_and_after,7035
Pendleton,town,2023,7225417,6925818,299599,2013_and_after,7035
Pendleton,town,2024,7079551,9290908,-2211357,2013_and_after,7035
Pendleton,town,2025,6985529,6479410,506119,2013_and_after,7035
Porter,town,1995,2785776,3173010,-387234,before_2013,6513
Porter,town,1996,3192153,2734995,457158,before_2013,6513
Porter,town,1997,3090698,3560779,-470081,before_2013,6513
Porter,town,1998,2782631,2848667,-66036,before_2013,6513
Porter,town,1999,2898596,2710739,187857,before_2013,6513
Porter,town,2000,3233498.94,3612542.97,-379044.03,before_2013,6513
Porter,town,2001,3008351.9,3542408.64,-534056.74,before_2013,6513
Porter,town,2002,3813991.28,4180756.4,-366765.12,before_2013,6513
Porter,town,2003,3949726.61,4593846.09,-644119.48,before_2013,6513
Porter,town,2004,3514929.38,4770062.65,-1255133.27,before_2013,6513
Porter,town,2005,3585429.07,3856523.57,-271094.5,before_2013,6513
Porter,town,2006,3606093.78,3808405.38,-202311.6,before_2013,6513
Porter,town,2007,5617384.95,3991933.72,1625451.23,before_2013,6513
Porter,town,2008,3462435.73,5098714.24,-1636278.51,before_2013,6513
Porter,town,2009,3550252.1,3222434.31,327817.79,before_2013,6513
Porter,town,2010,3436591,3562702,-126111,before_2013,6513
Porter,town,2011,3709474,3549598,159876,before_2013,6513
Porter,town,2012,4096113,3852214,243899,before_2013,6513
Porter,town,2013,4533642.71,4475435.29,58207.42,2013_and_after,6513
Porter,town,2014,4967750.8,4859135.73,108615.07,2013_and_after,6513
Porter,town,2015,4596757.4,4580489.27,16268.13,2013_and_after,6513
Porter,town,2016,4500377.56,4281090,219287.56,2013_and_after,6513
Porter,town,2017,3991266.13,4489380.54,-498114.41,2013_and_after,6513
Porter,town,2018,4308987,4252815,56172,2013_and_after,6513
Porter,town,2019,4351269,4352944.45,-1675.45,2013_and_after,6513
Porter,town,2020,4828005,4511212,316793,2013_and_after,6513
Porter,town,2021,5525845.04,4335741.04,1190104,2013_and_after,6513
Porter,town,2022,5745279,5611201,134078,2013_and_after,6513
Porter,town,2023,6701758,6790618,-88860,2013_and_after,6513
Porter,town,2024,7859274,7027924,831350,2013_and_after,6513
Porter,town,2025,6126810,6478752,-351942,2013_and_after,6513
Royalton,town,1995,2939081,3100657,-161576,before_2013,7517
Royalton,town,1996,2919898,3028348,-108450,before_2013,7517
Royalton,town,1997,2940709,3962518,-1021809,before_2013,7517
Royalton,town,1998,3039310,3291754,-252444,before_2013,7517
Royalton,town,1999,3106756,4319699,-1212943,before_2013,7517
Royalton,town,2000,3332347,3443907,-111560,before_2013,7517
Royalton,town,2001,3441475,3816897,-375422,before_2013,7517
Royalton,town,2002,3646699,4282795,-636096,before_2013,7517
Royalton,town,2003,3802924,4128151,-325227,before_2013,7517
Royalton,town,2004,4458296,4987073,-528777,before_2013,7517
Royalton,town,2005,4382131,5332977,-950846,before_2013,7517
Royalton,town,2006,4612496,4629191,-16695,before_2013,7517
Royalton,town,2007,5294128.05,5101960.2,192167.85,before_2013,7517
Royalton,town,2008,5753655.83,8656089.46,-2902433.63,before_2013,7517
Royalton,town,2009,5410453.45,5237662.18,172791.27,before_2013,7517
Royalton,town,2010,5402976.58,5489769.7,-86793.12,before_2013,7517
Royalton,town,2011,6003378.31,5627183.2,376195.11,before_2013,7517
Royalton,town,2012,5672966.62,5208562.72,464403.9,before_2013,7517
Royalton,town,2013,5835278.23,5740571.07,94707.16,2013_and_after,7517
Royalton,town,2014,6779707.06,6288696.69,491010.37,2013_and_after,7517
Royalton,town,2015,6281220.31,5422122.16,859098.15,2013_and_after,7517
Royalton,town,2016,6245663.43,5493635.59,752027.84,2013_and_after,7517
Royalton,town,2017,6127450.76,5588530.55,538920.21,2013_and_after,7517
Royalton,town,2018,7035010.77,5750311.04,1284699.73,2013_and_after,7517
Royalton,town,2019,6575113.58,6035595.32,539518.26,2013_and_after,7517
Royalton,town,2020,6704529.59,7531213.21,-826683.62,2013_and_after,7517
Royalton,town,2021,10434189,8759061,1675128,2013_and_after,7517
Royalton,town,2022,8364442,6343065,2021377,2013_and_after,7517
Royalton,town,2023,7749562,6795395,954167,2013_and_after,7517
Royalton,town,2024,8387054,7365228,1021826,2013_and_after,7517
Somerset,town,1995,1922170,2171744,-249574,before_2013,2597
Somerset,town,1996,1983895,2236217,-252322,before_2013,2597
Somerset,town,1997,2172317,2180614,-8297,before_2013,2597
Somerset,town,1998,2477491,2072493,404998,before_2013,2597
Somerset,town,1999,4030643,2164135,1866508,before_2013,2597
Somerset,town,2000,2293739,2711330,-417591,before_2013,2597
Somerset,town,2001,2069456,2231506,-162050,before_2013,2597
Somerset,town,2002,2231459,2503197,-271738,before_2013,2597
Somerset,town,2003,2221064,2892916,-671852,before_2013,2597
Somerset,town,2004,2713613,2816356,-102743,before_2013,2597
Somerset,town,2005,3159141,3366004,-206863,before_2013,2597
Somerset,town,2006,3505629,3067359,438270,before_2013,2597
Somerset,town,2007,4041101,2934993,1106108,before_2013,2597
Somerset,town,2008,3566286,2710803,855483,before_2013,2597
Somerset,town,2009,3525769,3069334,456435,before_2013,2597
Somerset,town,2010,3498666.13,2952662,546004.13,before_2013,2597
Somerset,town,2011,3537535,3427448,110087,before_2013,2597
Somerset,town,2012,3179877,2693633,486244,before_2013,2597
Somerset,town,2013,2410265,2469406,-59141,2013_and_after,2597
Somerset,town,2014,2120038,2373369,-253331,2013_and_after,2597
Somerset,town,2015,2279622,2832147,-552525,2013_and_after,2597
Somerset,town,2016,2241432,2722963,-481531,2013_and_after,2597
Somerset,town,2017,2360382,2888697,-528315,2013_and_after,2597
Somerset,town,2018,2206965,2779014,-572049,2013_and_after,2597
Somerset,town,2019,2856329,2710044,146285,2013_and_after,2597
Somerset,town,2020,2746131,2735990,10141,2013_and_after,2597
Somerset,town,2021,2742762,2728416,14346,2013_and_after,2597
Somerset,town,2022,2890906,2904809,-13903,2013_and_after,2597
Somerset,town,2023,3419913,3292965,126948,2013_and_after,2597
Somerset,town,2024,3197519,3292596,-95077,2013_and_after,2597
Somerset,town,2025,3858626,4592075,-733449,2013_and_after,2597
Wheatfield,town,1995,6271692,8466191,-2194499,before_2013,18638
Wheatfield,town,1996,6412838,6711680,-298842,before_2013,18638
Wheatfield,town,1997,6384951,7090544,-705593,before_2013,18638
Wheatfield,town,1998,6475733,6944944,-469211,before_2013,18638
Wheatfield,town,1999,9006087,9964199,-958112,before_2013,18638
Wheatfield,town,2000,7137469,10476914,-3339445,before_2013,18638
Wheatfield,town,2001,7837124,10554008,-2716884,before_2013,18638
Wheatfield,town,2002,7806122,9258647,-1452525,before_2013,18638
Wheatfield,town,2003,8068906,8056259,12647,before_2013,18638
Wheatfield,town,2004,8046083,8582623,-536540,before_2013,18638
Wheatfield,town,2005,8583261,9452868,-869607,before_2013,18638
Wheatfield,town,2006,9434225,10697443,-1263218,before_2013,18638
Wheatfield,town,2007,9312285,13841075,-4528790,before_2013,18638
Wheatfield,town,2008,9152170.86,12730166.52,-3577995.66,before_2013,18638
Wheatfield,town,2009,9646489.27,10946351.4,-1299862.13,before_2013,18638
Wheatfield,town,2010,10841695.59,10327123.13,514572.46,before_2013,18638
Wheatfield,town,2011,11952854.58,12354446.51,-401591.93,before_2013,18638
Wheatfield,town,2012,12012033.31,11323825.77,688207.54,before_2013,18638
Wheatfield,town,2013,11907508.34,11124270.85,783237.49,2013_and_after,18638
Wheatfield,town,2014,11606909.05,12205866.52,-598957.47,2013_and_after,18638
Wheatfield,town,2015,11834390.66,11757542.8,76847.86,2013_and_after,18638
Wheatfield,town,2016,12421171.27,13259428.02,-838256.75,2013_and_after,18638
Wheatfield,town,2017,12626966.57,12900296.88,-273330.31,2013_and_after,18638
Wheatfield,town,2018,13209121.38,12660432.36,548689.02,2013_and_after,18638
Wheatfield,town,2019,15464968.52,13990302.48,1474666.04,2013_and_after,18638
Wheatfield,town,2020,16017381.65,15757384.32,259997.33,2013_and_after,18638
Wheatfield,town,2021,14409511,12821914.11,1587596.89,2013_and_after,18638
Wheatfield,town,2022,15393847.29,13994691.73,1399155.56,2013_and_after,18638
Wheatfield,town,2023,17050287.83,15575167.59,1475120.24,2013_and_after,18638
Wheatfield,town,2024,16125343.12,15285010.89,840332.23,2013_and_after,18638
Wheatfield,town,2025,16829117.78,15326860.62,1502257.16,2013_and_after,18638
Wilson,town,1995,1695012,2232101,-537089,before_2013,5847
Wilson,town,1996,2252507,2067763,184744,before_2013,5847
Wilson,town,1997,2187217,2315858,-128641,before_2013,5847
Wilson,town,1998,2279986,2354377,-74391,before_2013,5847
Wilson,town,1999,2284431,2418821,-134390,before_2013,5847
Wilson,town,2000,2279430.75,2195880.08,83550.67,before_2013,5847
Wilson,town,2001,2417636.08,2267251.36,150384.72,before_2013,5847
Wilson,town,2002,2627630.17,2929908.1,-302277.93,before_2013,5847
Wilson,town,2003,2232183.41,3664080.76,-1431897.35,before_2013,5847
Wilson,town,2004,2522241,3575484.95,-1053243.95,before_2013,5847
Wilson,town,2005,2933946.72,2684794.67,249152.05,before_2013,5847
Wilson,town,2006,2778350.02,2360751.95,417598.07,before_2013,5847
Wilson,town,2007,3197274.58,2494565.92,702708.66,before_2013,5847
Wilson,town,2008,3005055.88,2785430.57,219625.31,before_2013,5847
Wilson,town,2009,3098632.05,2598543.35,500088.7,before_2013,5847
Wilson,town,2010,3203587.95,2845835.75,357752.2,before_2013,5847
Wilson,town,2011,3496422.3,2981296.21,515126.09,before_2013,5847
Wilson,town,2012,3329506.94,3120343.02,209163.92,before_2013,5847
Wilson,town,2013,3604719.19,3220958.02,383761.17,2013_and_after,5847
Wilson,town,2014,4118276.34,3457606.42,660669.92,2013_and_after,5847
Wilson,town,2015,3473821.73,3078353.4,395468.33,2013_and_after,5847
Wilson,town,2016,3722878.12,3400274.22,322603.9,2013_and_after,5847
Wilson,town,2017,3695864.26,3508394.2,187470.06,2013_and_after,5847
Wilson,town,2018,4060419.89,3868636.88,191783.01,2013_and_after,5847
Wilson,town,2019,4447307.16,3549832.4,897474.76,2013_and_after,5847
Wilson,town,2020,5053945,4256076,797869,2013_and_after,5847
Wilson,town,2021,5291242,5111267,179975,2013_and_after,5847
Wilson,town,2022,4763712,3934953,828759,2013_and_after,5847
Wilson,town,2023,4964647,3896282,1068365,2013_and_after,5847
Wilson,town,2024,5021830,5277531,-255701,2013_and_after,5847
Wilson,town,2025,4791691,4491005,300686,2013_and_after,5847
Barker,village,1995,282905,275907,6998,before_2013,575
Barker,village,1996,295066,282871,12195,before_2013,575
Barker,village,1997,297040,302084,-5044,before_2013,575
Barker,village,1998,301495,286780,14715,before_2013,575
Barker,village,1999,296351,281613,14738,before_2013,575
Barker,village,2000,329363,310716,18647,before_2013,575
Barker,village,2001,336481.12,333278.41,3202.71,before_2013,575
Barker,village,2002,353886.71,344326.27,9560.44,before_2013,575
Barker,village,2003,348393.75,393497.16,-45103.41,before_2013,575
Barker,village,2004,359105.7,325428.58,33677.12,before_2013,575
Barker,village,2005,339562,332833,6729,before_2013,575
Barker,village,2006,327117.24,297760.51,29356.73,before_2013,575
Barker,village,2007,384637,367473,17164,before_2013,575
Barker,village,2008,368780,372216,-3436,before_2013,575
Barker,village,2009,358563.04,330928.16,27634.88,before_2013,575
Barker,village,2010,343185.35,324349.65,18835.7,before_2013,575
Barker,village,2011,360968.15,374276.31,-13308.16,before_2013,575
Barker,village,2012,368217.24,399534.16,-31316.92,before_2013,575
Barker,village,2013,1367707.18,1145955.17,221752.01,2013_and_after,575
Barker,village,2014,1307805.46,454484.16,853321.3,2013_and_after,575
Barker,village,2015,413488.92,475441.39,-61952.47,2013_and_after,575
Barker,village,2016,405953.93,381031.78,24922.15,2013_and_after,575
Barker,village,2017,403970.33,398315.86,5654.47,2013_and_after,575
Barker,village,2018,442683.85,431229.39,11454.46,2013_and_after,575
Barker,village,2019,766821,610554,156267,2013_and_after,575
Barker,village,2020,995281,642699,352582,2013_and_after,575
Barker,village,2021,408919,519746,-110827,2013_and_after,575
Barker,village,2022,596852.5,437254.6,159597.9,2013_and_after,575
Barker,village,2023,566600.54,881842.71,-315242.17,2013_and_after,575
Barker,village,2024,875251.56,1084195.53,-208943.97,2013_and_after,575
Barker,village,2025,1116190.15,1028991.03,87199.12,2013_and_after,575
Barker,village,2026,624436.19,538535.14,85901.05,2013_and_after,575
Lewiston,village,1995,1981830,2040783,-58953,before_2013,2531
Lewiston,village,1996,1952029,2027481,-75452,before_2013,2531
Lewiston,village,1997,1925984,1962098,-36114,before_2013,2531
Lewiston,village,1998,1986322,2042411,-56089,before_2013,2531
Lewiston,village,1999,2178376,2174714,3662,before_2013,2531
Lewiston,village,2000,3919505,4307492,-387987,before_2013,2531
Lewiston,village,2001,2700520.09,2804154.75,-103634.66,before_2013,2531
Lewiston,village,2002,2116350.18,2571864.37,-455514.19,before_2013,2531
Lewiston,village,2003,2809655.34,2368120.18,441535.16,before_2013,2531
Lewiston,village,2004,2337669.19,2627196.42,-289527.23,before_2013,2531
Lewiston,village,2005,2476617.47,3135745.23,-659127.76,before_2013,2531
Lewiston,village,2006,2902437.16,3059851.55,-157414.39,before_2013,2531
Lewiston,village,2007,2884649.43,2926265.91,-41616.48,before_2013,2531
Lewiston,village,2008,2834164.32,2834475.02,-310.7,before_2013,2531
Lewiston,village,2009,2882288.12,3004070.58,-121782.46,before_2013,2531
Lewiston,village,2010,3371283.47,3267432.68,103850.79,before_2013,2531
Lewiston,village,2011,3016695,3078604.85,-61909.85,before_2013,2531
Lewiston,village,2012,3327405,3074079,253326,before_2013,2531
Lewiston,village,2013,3577000,3398243,178757,2013_and_after,2531
Lewiston,village,2014,3416652,3417671,-1019,2013_and_after,2531
Lewiston,village,2015,3549110,3186738,362372,2013_and_after,2531
Lewiston,village,2016,3348394,3113389,235005,2013_and_after,2531
Lewiston,village,2017,3243794,3031591,212203,2013_and_after,2531
Lewiston,village,2018,3769632,3292462,477170,2013_and_after,2531
Lewiston,village,2019,3557171,4234759,-677588,2013_and_after,2531
Lewiston,village,2020,3970890,4655344,-684454,2013_and_after,2531
Lewiston,village,2021,5057291,4195594,861697,2013_and_after,2531
Lewiston,village,2022,5501371,4219438,1281933,2013_and_after,2531
Lewiston,village,2023,4538598,5668178,-1129580,2013_and_after,2531
Lewiston,village,2024,5908775,5792466,116309,2013_and_after,2531
Lewiston,village,2025,5862160,5912748,-50588,2013_and_after,2531
Lewiston,village,2026,5022988,4877222,145766,2013_and_after,2531
Middleport,village,1995,1073486,1053417,20069,before_2013,1729
Middleport,village,1996,1145426,1066923,78503,before_2013,1729
Middleport,village,1997,1190174,1103055,87119,before_2013,1729
Middleport,village,1998,1145790,1182330,-36540,before_2013,1729
Middleport,village,1999,1171339,1159583,11756,before_2013,1729
Middleport,village,2000,1513798,1475425,38373,before_2013,1729
Middleport,village,2001,1312265,1322292,-10027,before_2013,1729
Middleport,village,2002,1173982.02,1303419.27,-129437.25,before_2013,1729
Middleport,village,2003,1467536.87,1486681.93,-19145.06,before_2013,1729
Middleport,village,2004,1247346.22,1390548.35,-143202.13,before_2013,1729
Middleport,village,2005,1261926.86,1408046.56,-146119.7,before_2013,1729
Middleport,village,2006,1317197.35,1309000.17,8197.18,before_2013,1729
Middleport,village,2007,1407297.67,1359144.11,48153.56,before_2013,1729
Middleport,village,2008,1481954.39,1458877.02,23077.37,before_2013,1729
Middleport,village,2009,1465526.3,1497924.87,-32398.57,before_2013,1729
Middleport,village,2010,1435104.36,1438773.57,-3669.21,before_2013,1729
Middleport,village,2011,1475955.08,1529726.01,-53770.93,before_2013,1729
Middleport,village,2012,1518672.29,1485629.31,33042.98,before_2013,1729
Middleport,village,2013,1587401.12,1525870.63,61530.49,2013_and_after,1729
Middleport,village,2014,1541413.43,1592159.7,-50746.27,2013_and_after,1729
Middleport,village,2015,1493069.92,1532425.53,-39355.61,2013_and_after,1729
Middleport,village,2016,1574065.05,1401899.14,172165.91,2013_and_after,1729
Middleport,village,2017,1525775.89,1428667.8,97108.09,2013_and_after,1729
Middleport,village,2018,1512246.2,1492182.98,20063.22,2013_and_after,1729
Middleport,village,2019,1712146.73,1946387.72,-234240.99,2013_and_after,1729
Middleport,village,2020,4014114.23,2057899.78,1956214.45,2013_and_after,1729
Middleport,village,2021,1834425.39,1970017.94,-135592.55,2013_and_after,1729
Middleport,village,2022,1701272.51,1685788.59,15483.92,2013_and_after,1729
Middleport,village,2023,2489362.48,2023843.17,465519.31,2013_and_after,1729
Middleport,village,2024,2380383.93,1984684.22,395699.71,2013_and_after,1729
Middleport,village,2025,2283588.33,2064092.33,219496,2013_and_after,1729
Middleport,village,2026,2121977.61,1985710.92,136266.69,2013_and_after,1729
Wilson,village,1995,748121,818652,-70531,before_2013,1247
Wilson,village,1996,891351,810049,81302,before_2013,1247
Wilson,village,1997,811972,827915,-15943,before_2013,1247
Wilson,village,1998,844802,894652,-49850,before_2013,1247
Wilson,village,1999,911628,926231,-14603,before_2013,1247
Wilson,village,2000,929295,983670,-54375,before_2013,1247
Wilson,village,2001,862983.52,856542.45,6441.07,before_2013,1247
Wilson,village,2002,961418.76,820490.02,140928.74,before_2013,1247
Wilson,village,2003,933262.42,939957.73,-6695.31,before_2013,1247
Wilson,village,2004,1049173.22,1051510.7,-2337.48,before_2013,1247
Wilson,village,2005,1017611.8,1046984.9,-29373.1,before_2013,1247
Wilson,village,2006,1053287.63,1127414.96,-74127.33,before_2013,1247
Wilson,village,2007,1080154.71,1308551.35,-228396.64,before_2013,1247
Wilson,village,2008,1219962.97,1093466.55,126496.42,before_2013,1247
Wilson,village,2009,1244719.62,1189291.87,55427.75,before_2013,1247
Wilson,village,2010,1197469.8,1129675.59,67794.21,before_2013,1247
Wilson,village,2011,1062970.5,1085973.27,-23002.77,before_2013,1247
Wilson,village,2012,978505.4,1075724.84,-97219.44,before_2013,1247
Wilson,village,2013,1015630.76,1413491.38,-397860.62,2013_and_after,1247
Wilson,village,2014,1089728.01,2038294.39,-948566.38,2013_and_after,1247
Wilson,village,2015,2773735.96,1238346.38,1535389.58,2013_and_after,1247
Wilson,village,2016,1161624.96,1044312.87,117312.09,2013_and_after,1247
Wilson,village,2017,1049522.49,960871.99,88650.5,2013_and_after,1247
Wilson,village,2018,1032588.41,1050050.16,-17461.75,2013_and_after,1247
Wilson,village,2019,1158341,1059937,98404,2013_and_after,1247
Wilson,village,2020,1136752,1173206,-36454,2013_and_after,1247
Wilson,village,2021,1255483,1105625,149858,2013_and_after,1247
Wilson,village,2022,2475234.07,2504301.05,-29066.98,2013_and_after,1247
Wilson,village,2023,1306502.27,1346421.33,-39919.06,2013_and_after,1247
Wilson,village,2024,1376070.2,1502669.32,-126599.12,2013_and_after,1247
Wilson,village,2025,2509245.28,2423287.18,85958.1,2013_and_after,1247
Wilson,village,2026,1477794.05,1324874.15,152919.9,2013_and_after,1247
Youngstown,village,1995,1273451,1298928,-25477,before_2013,1859
Youngstown,village,1996,1264772,1285694,-20922,before_2013,1859
Youngstown,village,1997,1348078,1303216,44862,before_2013,1859
Youngstown,village,1998,1388009,1318164,69845,before_2013,1859
Youngstown,village,1999,1352803,1352549,254,before_2013,1859
Youngstown,village,2000,1426672,1471468,-44796,before_2013,1859
Youngstown,village,2001,1446148.11,1410276.49,35871.62,before_2013,1859
Youngstown,village,2002,1381590.44,1372921.47,8668.97,before_2013,1859
Youngstown,village,2003,1393411.25,1361153.59,32257.66,before_2013,1859
Youngstown,village,2004,1398837.16,1389481.78,9355.38,before_2013,1859
Youngstown,village,2005,1428632.71,1486994.96,-58362.25,before_2013,1859
Youngstown,village,2006,1611179.55,1602995.69,8183.86,before_2013,1859
Youngstown,village,2007,1514326.06,1486757.08,27568.98,before_2013,1859
Youngstown,village,2008,1674731,1769213.81,-94482.81,before_2013,1859
Youngstown,village,2009,1527516.39,1584088,-56571.61,before_2013,1859
Youngstown,village,2010,1661151,1768432,-107281,before_2013,1859
Youngstown,village,2011,1764780,1560327,204453,before_2013,1859
Youngstown,village,2012,1663869,1604874,58995,before_2013,1859
Youngstown,village,2013,1661424,1693686,-32262,2013_and_after,1859
Youngstown,village,2014,1736048,1659421,76627,2013_and_after,1859
Youngstown,village,2015,1571463,1602855,-31392,2013_and_after,1859
Youngstown,village,2016,1607659,1614137,-6478,2013_and_after,1859
Youngstown,village,2017,1646385,2312700,-666315,2013_and_after,1859
Youngstown,village,2018,1851386,1871610,-20224,2013_and_after,1859
Youngstown,village,2019,1825281,1607933,217348,2013_and_after,1859
Youngstown,village,2020,2182324,1703396,478928,2013_and_after,1859
Youngstown,village,2021,2685739.88,2229384,456355.88,2013_and_after,1859
Youngstown,village,2022,2103922,1741068,362854,2013_and_after,1859
Youngstown,village,2023,2487600.59,1769782.63,717817.96,2013_and_after,1859
Youngstown,village,2024,2872134.4,2973875.29,-101740.89,2013_and_after,1859
Youngstown,village,2025,3470364.24,2358909.88,1111454.36,2013_and_after,1859
Youngstown,village,2026,3012518.78,3672362.92,-659844.14,2013_and_after,1859
