government,class,population_2020_census,filing_year,revenue_usd_latest_filing,expenditure_usd_latest_filing,spending_usd_per_resident_2020_census,spending_rank_within_class,governments_in_class,class_median_spending_usd_per_resident,county_sales_tax_a1120_usd_2024,share_of_sales_tax_pot_pct,claims_register_status
Niagara Falls,city,48671,2025,237426466,230306551,4731.91,1,3,2738.74,13108755,18.94,absent-verified
Lockport,city,20876,2025,58420782,57173996,2738.74,2,3,2738.74,5610593,8.11,publishes
North Tonawanda,city,30496,2024,63519207,66023474,2164.99,3,3,2738.74,10741427,15.52,ingested
Somerset,town,2597,2025,3858626,4592075,1768.22,1,12,1205.52,714755,1.03,absent-verified
Niagara,town,7903,2025,13161078,13777911,1743.38,2,12,1205.52,2783627,4.02,absent-verified
Lewiston,town,15944,2025,25927237,25664410,1609.66,3,12,1205.52,4947393,7.15,absent-verified
Lockport,town,20563,2025,26500787,27171348,1321.37,4,12,1205.52,7242784,10.47,absent-verified
Newfane,town,9304,2025,11312876,11602471,1247.04,5,12,1205.52,3277093,4.74,absent-verified
Hartland,town,3874,2025,4974425.78,4817398.58,1243.52,6,12,1205.52,1326502,1.92,absent-verified
Cambria,town,5743,2025,6943286,6705011,1167.51,7,12,1205.52,2022823,2.92,absent-verified
Porter,town,6513,2025,6126810,6478752,994.74,8,12,1205.52,1745981,2.52,absent-verified
Royalton,town,7517,2024,8387054,7365228,979.81,9,12,1205.52,2359963,3.41,absent-verified
Pendleton,town,7035,2025,6985529,6479410,921.02,10,12,1205.52,2477896,3.58,publishes
Wheatfield,town,18638,2025,16829117.78,15326860.62,822.34,11,12,1205.52,6564752.9,9.49,absent-verified
Wilson,town,5847,2025,4791691,4491005,768.09,12,12,1205.52,1751109,2.53,absent-verified
Youngstown,village,1859,2026,3012518.78,3672362.92,1975.45,1,5,1148.47,554564.93,0.8,absent-verified
Lewiston,village,2531,2026,5022988,4877222,1926.99,2,5,1148.47,1105814,1.6,absent-verified
Middleport,village,1729,2026,2121977.61,1985710.92,1148.47,3,5,1148.47,321359.11,0.46,absent-verified
Wilson,village,1247,2026,1477794.05,1324874.15,1062.45,4,5,1148.47,337442.68,0.49,absent-verified
Barker,village,575,2026,624436.19,538535.14,936.58,5,5,1148.47,203762.11,0.29,absent-verified
