fiscal_year,fiscal_year_span,revenue_usd_as_filed,expenditure_usd_as_filed,net_usd_revenue_minus_expenditure,state_aid_usd,state_aid_pct_of_revenue,property_tax_usd,property_tax_pct_of_revenue,federal_aid_usd,federal_aid_pct_of_revenue,reporting_basis
1995,July 1994 – June 1995,44531658,55715687,-11184029,22664103,50.89,18628269,41.83,1462937,3.29,before_2013
1996,July 1995 – June 1996,47184835,52002644,-4817809,24191763,51.27,19739273,41.83,1326906,2.81,before_2013
1997,July 1996 – June 1997,47737453,55917466,-8180013,24736861,51.82,20441978,42.82,864708,1.81,before_2013
1998,July 1997 – June 1998,50436003,49322407,1113596,26101051,51.75,21121443,41.88,1070175,2.12,before_2013
1999,July 1998 – June 1999,51364421,49920814,1443607,26515153,51.62,21626071,42.1,987260,1.92,before_2013
2000,July 1999 – June 2000,53083498,53412434,-328936,26579896,50.07,22508330,42.4,1419614,2.67,before_2013
2001,July 2000 – June 2001,54710530,60444524,-5733994,28116920,51.39,22292230,40.75,1780371,3.25,before_2013
2002,July 2001 – June 2002,56070766,55625131,445635,30800738,54.93,22359752,39.88,294072,0.52,before_2013
2003,July 2002 – June 2003,55244545,71834206,-16589661,28894046,52.3,22148407,40.09,2359846,4.27,before_2013
2004,July 2003 – June 2004,54531969,55310683,-778714,27247517,49.97,22831695,41.87,2725034,5,before_2013
2005,July 2004 – June 2005,55261305,58909400,-3648095,27572664,49.9,22800018,41.26,2933115,5.31,before_2013
2006,July 2005 – June 2006,58145930,58299059,-153129,29337699,50.46,23971352,41.23,2811930,4.84,before_2013
2007,July 2006 – June 2007,62489119,58670632,3818487,32019733,51.24,24309016,38.9,2932419,4.69,before_2013
2008,July 2007 – June 2008,64857186,61575656,3281530,34549133,53.27,24854840,38.32,2763454,4.26,before_2013
2009,July 2008 – June 2009,65439662,66003445,-563783,34748074,53.1,25599138,39.12,2930373,4.48,before_2013
2010,July 2009 – June 2010,66744672,81182217,-14437545,32326945,48.43,25466768,38.16,5976069,8.95,before_2013
2011,July 2010 – June 2011,64310260,85458073,-21147813,31218028,48.54,25410401,39.51,5428468,8.44,before_2013
2012,July 2011 – June 2012,66352649,70893296,-4540647,33693187,50.78,25915542,39.06,4470465,6.74,before_2013
2013,July 2012 – June 2013,67009283,65015708,1993575,33152079,49.47,26423218,39.43,3193124,4.77,2013_and_after
2014,July 2013 – June 2014,68960178,68133884.7,826293.3,33391697,48.42,27124636,39.33,3917264,5.68,2013_and_after
2015,July 2014 – June 2015,82510578,70643427,11867151,34803936,42.18,27640597,33.5,3615224,4.38,2013_and_after
2016,July 2015 – June 2016,104128234,82018565,22109669,36848232,35.39,27629356,26.53,3403728,3.27,2013_and_after
2017,July 2016 – June 2017,90678851,74390732,16288119,39004590,43.01,28121872,31.01,3438580,3.79,2013_and_after
2018,July 2017 – June 2018,74822458,96015550,-21193092,39270866,52.49,28363757,37.91,3606023,4.82,2013_and_after
2019,July 2018 – June 2019,80299448,89623293,-9323845,42398818,52.8,29071437,36.2,3650285,4.55,2013_and_after
2020,July 2019 – June 2020,80744627,78894576,1850051,44431693,55.03,29242501,36.22,3193417,3.95,2013_and_after
2021,July 2020 – June 2021,85106906,83305343,1801563,42836195,50.33,29303678,34.43,3647446,4.29,2013_and_after
2022,July 2021 – June 2022,99964459,80540495,19423964,44943207,44.96,29814538,29.83,8210417,8.21,2013_and_after
2023,July 2022 – June 2023,86447666,79885506,6562160,46710010,54.03,30174222,34.9,6590620,7.62,2013_and_after
2024,July 2023 – June 2024,89711276,85136398,4574878,47552984,53.01,30601795,34.11,7831177,8.73,2013_and_after
2025,July 2024 – June 2025,93726478,92322483,1403995,48027774,51.24,31427649,33.53,4583442,4.89,2013_and_after
2026,July 2025 – June 2026,87118198,86365101.4,753096.6,47245369,54.23,32262815,37.03,4811444,5.52,2013_and_after
