rank,district,latest_filing_fy,total_expenditure_usd_as_filed,this_ledger
1,Niagara Falls City School District,2025,250119611,
2,Lockport City School District,2025,150622848,
3,Niagara-Wheatfield Central School District,2025,120731815,
4,North Tonawanda City School District,2025,92322483,yes
5,Starpoint Central School District,2025,77977563,
6,Lewiston-Porter Central School District,2025,55776851,
7,Newfane Central School District,2025,44734069,
8,Barker Central School District,2025,36301148,
9,Wilson Central School District,2025,35088523,
10,Royalton-Hartland Central School District,2025,32069074,
