document,warrant_date,kind,line_items_read,line_items_published,expenditure_parsed_usd_claims_approved_by_the_city_not_necessarily_paid,published_control_usd,variance_usd,status,read_from,source_pdf
Warrant Report 1.7 (004).25,2025-01-07,warrant,255,255,720603.07,720603.07,0.0,EXACT,text layer,https://www.northtonawanda.gov/documents/Warrant%20of%20Claims/2025/Warrant%20Report%201.7%20%28004%29.25.pdf
Warrant Report 1.7 (005).25 pre issue,2025-01-07,warrant,1,1,73.75,73.75,0.0,EXACT,text layer,https://www.northtonawanda.gov/documents/Warrant%20of%20Claims/2025/Warrant%20Report%201.7%20%28005%29.25%20pre%20issue.pdf
Warrant Report 1-21-25,2025-01-21,warrant,342,342,1064856.22,1064856.22,0.0,EXACT,OCR of the city's scanned image,https://www.northtonawanda.gov/documents/Warrant%20of%20Claims/2025/Warrant%20Report%201-21-25.pdf
Warrant Report 2.4.25 - 2024 charges,2025-02-04,warrant,44,44,90357.05,90357.05,0.0,EXACT,text layer,https://www.northtonawanda.gov/documents/Warrant%20of%20Claims/2025/Warrant%20Report%202.4.25%20-%202024%20charges.pdf
Warrant Report 2.18.25 - VISA,2025-02-13,purchasing card,35,35,55165.27,55165.27,0.0,EXACT,text layer,https://www.northtonawanda.gov/documents/Warrant%20of%20Claims/2025/Warrant%20Report%202.18.25%20-%20VISA.pdf
Warrant Report 2.18.25 - 2024,2025-02-18,warrant,30,30,180341.17,180341.17,0.0,EXACT,text layer,https://www.northtonawanda.gov/documents/Warrant%20of%20Claims/2025/Warrant%20Report%202.18.25%20-%202024.pdf
Warrant Report 2.18.25 - 2025,2025-02-18,warrant,357,357,867005.05,867005.05,0.0,EXACT,text layer,https://www.northtonawanda.gov/documents/Warrant%20of%20Claims/2025/Warrant%20Report%202.18.25%20-%202025.pdf
Warrant Report 3.4.25,2025-03-04,warrant,304,304,843417.91,843417.91,0.0,EXACT,OCR of the city's scanned image,https://www.northtonawanda.gov/documents/Warrant%20of%20Claims/2025/Warrant%20Report%203.4.25.pdf
Warrant Report 3-18-25,2025-03-18,warrant,375,375,764683.16,764683.16,0.0,EXACT,OCR of the city's scanned image,https://www.northtonawanda.gov/documents/Warrant%20of%20Claims/2025/Warrant%20Report%203-18-25.pdf
Warrant Report 4.1.25,2025-04-01,warrant,262,262,715244.43,715244.43,0.0,EXACT,OCR of the city's scanned image,https://www.northtonawanda.gov/documents/Warrant%20of%20Claims/2025/Warrant%20Report%204.1.25.pdf
Warrant Report 4.15.25,2025-04-15,warrant,337,337,718785.48,718785.48,0.0,EXACT,OCR of the city's scanned image,https://www.northtonawanda.gov/documents/Warrant%20of%20Claims/2025/Warrant%20Report%204.15.25.pdf
Warrant Report 5.6.25.b,2025-05-06,warrant,440,440,873350.97,873350.97,0.0,EXACT,OCR of the city's scanned image,https://www.northtonawanda.gov/documents/Warrant%20of%20Claims/2025/Warrant%20Report%205.6.25.b.pdf
Warrant Report 5.20.25,2025-05-20,warrant,342,342,596982.15,596982.15,0.0,EXACT,text layer,https://www.northtonawanda.gov/documents/Warrant%20of%20Claims/2025/Warrant%20Report%205.20.25.pdf
Warrant Report 6.3.25,2025-06-03,warrant,311,311,776857.15,776857.15,0.0,EXACT,text layer,https://www.northtonawanda.gov/documents/Warrant%20of%20Claims/2025/Warrant%20Report%206.3.25.pdf
Warrant Report 6.17.25,2025-06-17,warrant,361,361,1135248.61,1135248.61,0.0,EXACT,text layer,https://www.northtonawanda.gov/documents/Warrant%20of%20Claims/2025/Warrant%20Report%206.17.25.pdf
warrant report 7.15.25,2025-07-14,warrant,327,327,672445.95,672445.95,0.0,EXACT,text layer,https://www.northtonawanda.gov/documents/Warrant%20of%20Claims/2025/warrant%20report%207.15.25.pdf
Warrant Report 8.5.25,2025-08-05,warrant,438,438,1511538.42,1511538.42,0.0,EXACT,text layer,https://www.northtonawanda.gov/documents/Warrant%20of%20Claims/2025/Warrant%20Report%208.5.25.pdf
Warrant Report 8.19.25,2025-08-15,warrant,294,294,846855.68,846855.68,0.0,EXACT,text layer,https://www.northtonawanda.gov/documents/Warrant%20of%20Claims/2025/Warrant%20Report%208.19.25.pdf
Warrant Report 9.2.25,2025-09-02,warrant,259,259,1502424.66,1502424.66,0.0,EXACT,text layer,https://www.northtonawanda.gov/documents/Warrant%20of%20Claims/2025/Warrant%20Report%209.2.25.pdf
Warrant report 9.16.25,2025-09-16,warrant,284,284,647820.48,647820.48,0.0,EXACT,text layer,https://www.northtonawanda.gov/documents/Warrant%20of%20Claims/2025/Warrant%20report%209.16.25.pdf
Warrant Report 10.7.25,2025-10-07,warrant,421,421,1347872.82,1347872.82,0.0,EXACT,text layer,https://www.northtonawanda.gov/documents/Warrant%20of%20Claims/2025/Warrant%20Report%2010.7.25.pdf
Warrant Report 11.5.25,2025-11-04,warrant,285,285,1164616.64,1164616.64,0.0,EXACT,text layer,https://www.northtonawanda.gov/documents/Warrant%20of%20Claims/2025/Warrant%20Report%2011.5.25.pdf
Warrant Report 11.18.25,2025-11-18,warrant,328,328,883030.14,883030.14,0.0,EXACT,text layer,https://www.northtonawanda.gov/documents/Warrant%20of%20Claims/2025/Warrant%20Report%2011.18.25.pdf
Warrant Report 12.2.25,2025-12-02,warrant,212,212,1812804.98,1812804.98,0.0,EXACT,text layer,https://www.northtonawanda.gov/documents/Warrant%20of%20Claims/2025/Warrant%20Report%2012.2.25.pdf
Warrant Report 1.20.26 - 2026,2026-01-20,warrant,134,134,984052.27,984052.27,0.0,EXACT,text layer,https://www.northtonawanda.gov/documents/Warrant%20of%20Claims/2026/Warrant%20Report%201.20.26%20-%202026.pdf
Warrant Report 2.3.26-2025 Charges,2026-02-03,warrant,60,60,400334.48,400334.48,0.0,EXACT,text layer,https://www.northtonawanda.gov/documents/Warrant%20of%20Claims/2026/Warrant%20Report%202.3.26-2025%20Charges.pdf
Warrant Report 2.3.26-2026 Charges,2026-02-03,warrant,181,181,335635.12,335635.12,0.0,EXACT,text layer,https://www.northtonawanda.gov/documents/Warrant%20of%20Claims/2026/Warrant%20Report%202.3.26-2026%20Charges.pdf
Warrant Report 2.17.26 - 2026,2026-02-17,warrant,272,272,1150126.15,1150126.15,0.0,EXACT,text layer,https://www.northtonawanda.gov/documents/Warrant%20of%20Claims/2026/Warrant%20Report%202.17.26%20-%202026.pdf
Warrant Report 3.3.26 - 2026,2026-03-03,warrant,193,193,620647.82,620647.82,0.0,EXACT,text layer,https://www.northtonawanda.gov/documents/Warrant%20of%20Claims/2026/Warrant%20Report%203.3.26%20-%202026.pdf
Warrant Report 3.17.26,2026-03-17,warrant,314,314,1063095.43,1063095.43,0.0,EXACT,text layer,https://www.northtonawanda.gov/documents/Warrant%20of%20Claims/2026/Warrant%20Report%203.17.26.pdf
Warrant Report 4.7.26 VISA,2026-04-07,purchasing card,39,39,5902.87,5902.87,0.0,EXACT,text layer,https://www.northtonawanda.gov/documents/Warrant%20of%20Claims/2026/Warrant%20Report%204.7.26%20VISA.pdf
Warrant Report 4.7.26,2026-04-07,warrant,482,482,1097476.36,1097476.36,0.0,EXACT,text layer,https://www.northtonawanda.gov/documents/Warrant%20of%20Claims/2026/Warrant%20Report%204.7.26.pdf
Warrant Report 4.21.26,2026-04-21,warrant,288,288,882733.31,882733.31,0.0,EXACT,text layer,https://www.northtonawanda.gov/documents/Warrant%20of%20Claims/2026/Warrant%20Report%204.21.26.pdf
Warrant Report 5.5.26 - VISA,2026-05-05,purchasing card,58,58,57912.43,57912.43,0.0,EXACT,text layer,https://www.northtonawanda.gov/documents/Warrant%20of%20Claims/2026/Warrant%20Report%205.5.26%20-%20VISA.pdf
Warrant Report 5.5.26,2026-05-05,warrant,309,309,980836.06,980836.06,0.0,EXACT,text layer,https://www.northtonawanda.gov/documents/Warrant%20of%20Claims/2026/Warrant%20Report%205.5.26.pdf
Warrant Report 5.19.26,2026-05-19,warrant,270,270,837118.72,837118.72,0.0,EXACT,text layer,https://www.northtonawanda.gov/documents/Warrant%20of%20Claims/2026/Warrant%20Report%205.19.26.pdf
Warrant Report 6.2.26 VISA,2026-06-01,purchasing card,48,48,108140.48,108140.48,0.0,EXACT,text layer,https://www.northtonawanda.gov/documents/Warrant%20of%20Claims/2026/Warrant%20Report%206.2.26%20VISA.pdf
Warrant Report 6.2.26,2026-06-02,warrant,211,211,383304.11,383304.11,0.0,EXACT,text layer,https://www.northtonawanda.gov/documents/Warrant%20of%20Claims/2026/Warrant%20Report%206.2.26.pdf
Warrant Report 6.16.26,2026-06-16,warrant,370,370,878551.65,878551.65,0.0,EXACT,text layer,https://www.northtonawanda.gov/documents/Warrant%20of%20Claims/2026/Warrant%20Report%206.16.26.pdf
Warrant Report 7.7.26 - VISA,2026-06-22,purchasing card,32,32,43049.77,43049.77,0.0,EXACT,text layer,https://www.northtonawanda.gov/documents/Warrant%20of%20Claims/2026/Warrant%20Report%207.7.26%20-%20VISA.pdf
Warrant report 7.7.26,2026-07-07,warrant,312,312,1275398.18,1275398.18,0.0,EXACT,text layer,https://www.northtonawanda.gov/documents/Warrant%20of%20Claims/2026/Warrant%20report%207.7.26.pdf
Warrant Report 7.21.26,2026-07-21,warrant,375,375,1692019.97,1692019.97,0.0,EXACT,text layer,https://www.northtonawanda.gov/documents/Warrant%20of%20Claims/2026/Warrant%20Report%207.21.26.pdf
Warrant report 8.4.26 VISA,2026-08-04,purchasing card,55,55,115705.45,115705.45,0.0,EXACT,text layer,https://www.northtonawanda.gov/documents/Warrant%20of%20Claims/2026/Warrant%20report%208.4.26%20VISA.pdf
Warrant report 8.4.26,2026-08-04,warrant,278,278,1409462.13,1409462.13,0.0,EXACT,text layer,https://www.northtonawanda.gov/documents/Warrant%20of%20Claims/2026/Warrant%20report%208.4.26.pdf
Warrant report 8.18.26,2026-08-18,warrant,358,358,1749866.0,1749866.0,0.0,EXACT,text layer,https://www.northtonawanda.gov/documents/Warrant%20of%20Claims/2026/Warrant%20report%208.18.26.pdf
warrant report 9.1.26 - VISA,2026-09-01,purchasing card,57,57,67351.64,67351.64,0.0,EXACT,text layer,https://www.northtonawanda.gov/documents/Warrant%20of%20Claims/2026/warrant%20report%209.1.26%20-%20VISA.pdf
warrant report 9.1.26,2026-09-01,warrant,322,322,1563226.48,1563226.48,0.0,EXACT,text layer,https://www.northtonawanda.gov/documents/Warrant%20of%20Claims/2026/warrant%20report%209.1.26.pdf
Warrant report 9.15.26,2026-09-15,warrant,239,239,1774250.22,1774250.22,0.0,EXACT,text layer,https://www.northtonawanda.gov/documents/Warrant%20of%20Claims/2026/Warrant%20report%209.15.26.pdf
Warrant Report 10.6.26 VISA,2026-09-23,purchasing card,53,53,19218.45,19218.45,0.0,EXACT,text layer,https://www.northtonawanda.gov/documents/Warrant%20of%20Claims/2026/Warrant%20Report%2010.6.26%20VISA.pdf
Warrant report 10.6.26,2026-10-06,warrant,398,398,1278538.78,1278538.78,0.0,EXACT,text layer,https://www.northtonawanda.gov/documents/Warrant%20of%20Claims/2026/Warrant%20report%2010.6.26.pdf
