department,fund_dept,lines,amount_usd_approved_claim_not_necessarily_paid,share_of_warrant_pct,median_prior_draw_usd,prior_warrants_with_a_draw,multiple_of_median,far_off_run_rate,largest_line_payee,largest_line_usd,largest_line_source_page
Judgements and Claims,001-1930,11,85991.0,9.71,3856.22,8,22.3,yes,TOKIO MARINE HCC - PRG,75000.0,https://www.northtonawanda.gov/documents/Warrant%20of%20Claims/2025/Warrant%20Report%205.6.25.b.pdf#page=11
Maintenance of Streets,001-5110,45,82584.5,9.33,89082.01,8,0.9,no,FLEISCHMANN'S SERVICE CORP.,22910.75,https://www.northtonawanda.gov/documents/Warrant%20of%20Claims/2025/Warrant%20Report%205.6.25.b.pdf#page=5
City Hall Upgrades 2023-2024,605-1997,2,72141.64,8.15,,4,,no,"DV BROWN & ASSOCIATES, INC.",70558.0,https://www.northtonawanda.gov/documents/Warrant%20of%20Claims/2025/Warrant%20Report%205.6.25.b.pdf#page=4
Retiree Medical Insurance,001-9060,3,66994.41,7.57,19892.62,9,3.4,yes,HIGHMARK BCBS OF WNY,59763.36,https://www.northtonawanda.gov/documents/Warrant%20of%20Claims/2025/Warrant%20Report%205.6.25.b.pdf#page=5
Sewage Treatment,004-8130,43,64723.07,7.31,47291.97,9,1.4,no,MODERN DISPOSAL SERVICES,8798.4,https://www.northtonawanda.gov/documents/Warrant%20of%20Claims/2025/Warrant%20Report%205.6.25.b.pdf#page=20
Traffic Control,001-3310,10,61669.55,6.97,9628.81,7,6.4,yes,NORTHEAST SIGNAL INC,44023.2,https://www.northtonawanda.gov/documents/Warrant%20of%20Claims/2025/Warrant%20Report%205.6.25.b.pdf#page=20
2022 Sewer Improvements,613-8197,1,57660.0,6.51,48050.0,5,1.2,no,HAZEN AND SAWYER,57660.0,https://www.northtonawanda.gov/documents/Warrant%20of%20Claims/2025/Warrant%20Report%205.6.25.b.pdf#page=17
Workers Compensation,001-9040,3,52455.68,5.93,63794.86,7,0.8,no,LAWLEY SERVICE INC.,22500.0,https://www.northtonawanda.gov/documents/Warrant%20of%20Claims/2025/Warrant%20Report%205.6.25.b.pdf#page=30
Garbage and Refuse,001-8160,3,52259.91,5.9,33602.68,5,1.6,no,MODERN DISPOSAL SERVICES,44370.22,https://www.northtonawanda.gov/documents/Warrant%20of%20Claims/2025/Warrant%20Report%205.6.25.b.pdf#page=35
Accounting,001-1315,7,28428.09,3.21,5000.49,7,5.7,yes,"OpenGov, Inc.",18000.0,https://www.northtonawanda.gov/documents/Warrant%20of%20Claims/2025/Warrant%20Report%205.6.25.b.pdf#page=29
Water/Sewer Analysis (& 1 other project),609-8397,2,22465.19,2.54,19416.8,5,1.2,no,HAZEN AND SAWYER,22375.2,https://www.northtonawanda.gov/documents/Warrant%20of%20Claims/2025/Warrant%20Report%205.6.25.b.pdf#page=17
Fire Protection,001-3410,53,22184.71,2.51,17999.09,9,1.2,no,"BANCORP BANK, THE",4255.0,https://www.northtonawanda.gov/documents/Warrant%20of%20Claims/2025/Warrant%20Report%205.6.25.b.pdf#page=13
Water Supply and Pumping,002-8320,4,22149.29,2.5,22259.58,7,1.0,no,NATIONAL GRID,17360.08,https://www.northtonawanda.gov/documents/Warrant%20of%20Claims/2025/Warrant%20Report%205.6.25.b.pdf#page=27
Water Purification,002-8330,23,16878.47,1.91,5991.04,8,2.8,no,EMERSON LLP,8173.09,https://www.northtonawanda.gov/documents/Warrant%20of%20Claims/2025/Warrant%20Report%205.6.25.b.pdf#page=16
Buildings,001-1620,21,15877.88,1.79,4729.44,9,3.4,no,NRG BUSINESS MARKETING,3428.28,https://www.northtonawanda.gov/documents/Warrant%20of%20Claims/2025/Warrant%20Report%205.6.25.b.pdf#page=28
Community Development,001-8020,1,15750.0,1.78,,1,,no,LUMBER CITY DEVELOPMENT CORP.,15750.0,https://www.northtonawanda.gov/documents/Warrant%20of%20Claims/2025/Warrant%20Report%205.6.25.b.pdf#page=8
Golf Course,001-7250,20,13771.29,1.56,9577.06,8,1.4,no,"SITEONE LANDSCAPE SUPPLY, LLC",4926.25,https://www.northtonawanda.gov/documents/Warrant%20of%20Claims/2025/Warrant%20Report%205.6.25.b.pdf#page=22
Technology Software,612-1997,1,13742.17,1.55,,0,,no,"OpenGov, Inc.",13742.17,https://www.northtonawanda.gov/documents/Warrant%20of%20Claims/2025/Warrant%20Report%205.6.25.b.pdf#page=29
Central Data Processing,001-1680,7,12267.91,1.39,6447.6,7,1.9,no,PREMCOM CORPORATION,4823.55,https://www.northtonawanda.gov/documents/Warrant%20of%20Claims/2025/Warrant%20Report%205.6.25.b.pdf#page=9
Health Insurance,007-0000,10,11916.58,1.35,8026.03,6,1.5,no,HIGHMARK BCBS OF WNY,6499.34,https://www.northtonawanda.gov/documents/Warrant%20of%20Claims/2025/Warrant%20Report%205.6.25.b.pdf#page=6
Oliver Street Walkability,623-5997,1,11546.81,1.3,,2,,no,LaBELLA ASSOCIATES,11546.81,https://www.northtonawanda.gov/documents/Warrant%20of%20Claims/2025/Warrant%20Report%205.6.25.b.pdf#page=18
Water Distribution,002-8340,16,10309.33,1.16,12925.32,9,0.8,no,TEAM EJP BLASDELL NY,3828.44,https://www.northtonawanda.gov/documents/Warrant%20of%20Claims/2025/Warrant%20Report%205.6.25.b.pdf#page=22
Parks,001-7110,27,9937.67,1.12,4825.41,9,2.1,no,NATIONAL GRID,1474.46,https://www.northtonawanda.gov/documents/Warrant%20of%20Claims/2025/Warrant%20Report%205.6.25.b.pdf#page=28
Police,001-3120,46,9770.33,1.1,22805.18,8,0.4,no,PINE WOODS ANIMAL HOSPITAL,1090.2,https://www.northtonawanda.gov/documents/Warrant%20of%20Claims/2025/Warrant%20Report%205.6.25.b.pdf#page=9
Sanitary Sewers,004-8120,7,8942.35,1.01,7696.57,7,1.2,no,NRG BUSINESS MARKETING,6872.38,https://www.northtonawanda.gov/documents/Warrant%20of%20Claims/2025/Warrant%20Report%205.6.25.b.pdf#page=29
Programs for Aging,001-6772,11,6006.23,0.68,1783.69,9,3.4,no,CAROUSEL PARK APARTMENTS,2602.23,https://www.northtonawanda.gov/documents/Warrant%20of%20Claims/2025/Warrant%20Report%205.6.25.b.pdf#page=13
Retiree Medical Insurance,002-9060,2,4454.65,0.5,,4,,no,HIGHMARK BCBS OF WNY,2228.8,https://www.northtonawanda.gov/documents/Warrant%20of%20Claims/2025/Warrant%20Report%205.6.25.b.pdf#page=5
Retiree Medical Insurance,004-9060,2,4397.2,0.5,,4,,no,HIGHMARK BCBS OF WNY,2288.5,https://www.northtonawanda.gov/documents/Warrant%20of%20Claims/2025/Warrant%20Report%205.6.25.b.pdf#page=6
Smartgrowth 2.0,622-6989,1,4159.93,0.47,,4,,no,LaBELLA ASSOCIATES,4159.93,https://www.northtonawanda.gov/documents/Warrant%20of%20Claims/2025/Warrant%20Report%205.6.25.b.pdf#page=18
LWRP Waterway Design (& 1 other project),618-7180,2,3266.88,0.37,,3,,no,"C & S ENGINEERS, INC.",2219.6,https://www.northtonawanda.gov/documents/Warrant%20of%20Claims/2025/Warrant%20Report%205.6.25.b.pdf#page=3
Improvements to the Deerwoor,607-7997,1,2588.05,0.29,,4,,no,ADMAR CONST. EQIUP. & SUPPLIES,2588.05,https://www.northtonawanda.gov/documents/Warrant%20of%20Claims/2025/Warrant%20Report%205.6.25.b.pdf#page=13
Street Lighting,001-5182,1,2258.21,0.26,,4,,no,NATIONAL GRID,2258.21,https://www.northtonawanda.gov/documents/Warrant%20of%20Claims/2025/Warrant%20Report%205.6.25.b.pdf#page=28
Central Communication Syste,001-1650,1,2228.94,0.25,,1,,no,RINGCENTRAL INC.,2228.94,https://www.northtonawanda.gov/documents/Warrant%20of%20Claims/2025/Warrant%20Report%205.6.25.b.pdf#page=9
Youth Programs,001-7310,5,1850.65,0.21,1141.89,7,1.6,no,"SHEEHAN, DIANE",1569.33,https://www.northtonawanda.gov/documents/Warrant%20of%20Claims/2025/Warrant%20Report%205.6.25.b.pdf#page=21
Gratwick Riverside Park,001-8091,1,1767.25,0.2,,3,,no,GHD SERVICES INC,1767.25,https://www.northtonawanda.gov/documents/Warrant%20of%20Claims/2025/Warrant%20Report%205.6.25.b.pdf#page=16
Council on the Arts,001-7010,3,1669.17,0.19,274.36,6,6.1,no,NRG BUSINESS MARKETING,967.39,https://www.northtonawanda.gov/documents/Warrant%20of%20Claims/2025/Warrant%20Report%205.6.25.b.pdf#page=29
Public Works Administration -,001-1490,9,1486.11,0.17,2464.98,7,0.6,no,84 LUMBER,377.39,https://www.northtonawanda.gov/documents/Warrant%20of%20Claims/2025/Warrant%20Report%205.6.25.b.pdf#page=1
Safety Inspection,001-3620,3,1297.74,0.15,332.59,7,3.9,no,ENTERPRISE FM TRUST,1006.51,https://www.northtonawanda.gov/documents/Warrant%20of%20Claims/2025/Warrant%20Report%205.6.25.b.pdf#page=4
Emergency Management,001-3640,2,1227.0,0.14,,3,,no,AMAZON CAPITAL SERVICES,819.0,https://www.northtonawanda.gov/documents/Warrant%20of%20Claims/2025/Warrant%20Report%205.6.25.b.pdf#page=25
City Clerk,001-1410,5,1203.61,0.14,631.22,8,1.9,no,EATON OFFICE SUPPLIES,429.9,https://www.northtonawanda.gov/documents/Warrant%20of%20Claims/2025/Warrant%20Report%205.6.25.b.pdf#page=15
Treasurer,001-1325,2,761.5,0.09,653.51,5,1.2,no,LINEAGE,653.51,https://www.northtonawanda.gov/documents/Warrant%20of%20Claims/2025/Warrant%20Report%205.6.25.b.pdf#page=35
Gateway Harbor,001-7989,4,457.65,0.05,410.31,5,1.1,no,CHARTER COMMUNICATIONS,320.0,https://www.northtonawanda.gov/documents/Warrant%20of%20Claims/2025/Warrant%20Report%205.6.25.b.pdf#page=14
Assessment,001-1355,5,388.18,0.04,,4,,no,PIONEER PRINTERS INC.,282.0,https://www.northtonawanda.gov/documents/Warrant%20of%20Claims/2025/Warrant%20Report%205.6.25.b.pdf#page=9
Workers Compensation,002-9040,1,365.12,0.04,769.5,6,0.5,no,NCA COMP INC.,365.12,https://www.northtonawanda.gov/documents/Warrant%20of%20Claims/2025/Warrant%20Report%205.6.25.b.pdf#page=20
Parks and Rec Administration,001-7020,2,312.96,0.04,290.93,7,1.1,no,FIRST CITIZENS BANK & TRUST CO,298.36,https://www.northtonawanda.gov/documents/Warrant%20of%20Claims/2025/Warrant%20Report%205.6.25.b.pdf#page=14
Playgrounds and Rec Centers,001-7140,2,198.85,0.02,1279.03,6,0.2,no,"WRIGHT PLAQUE, THE",107.9,https://www.northtonawanda.gov/documents/Warrant%20of%20Claims/2025/Warrant%20Report%205.6.25.b.pdf#page=24
Workers Compensation,004-9040,1,121.7,0.01,,3,,no,NCA COMP INC.,121.7,https://www.northtonawanda.gov/documents/Warrant%20of%20Claims/2025/Warrant%20Report%205.6.25.b.pdf#page=20
Water Administration,002-8310,1,114.56,0.01,,4,,no,AMAZON CAPITAL SERVICES,114.56,https://www.northtonawanda.gov/documents/Warrant%20of%20Claims/2025/Warrant%20Report%205.6.25.b.pdf#page=27
Engineer,001-1440,1,113.89,0.01,334.29,6,0.3,no,WELLS FARGO VENDOR FINANCIAL,113.89,https://www.northtonawanda.gov/documents/Warrant%20of%20Claims/2025/Warrant%20Report%205.6.25.b.pdf#page=12
Mayor,001-1210,4,93.72,0.01,256.25,7,0.4,no,AMAZON CAPITAL SERVICES,30.1,https://www.northtonawanda.gov/documents/Warrant%20of%20Claims/2025/Warrant%20Report%205.6.25.b.pdf#page=26
Swimming Pools,001-7180,1,59.97,0.01,,3,,no,NATIONAL GRID,59.97,https://www.northtonawanda.gov/documents/Warrant%20of%20Claims/2025/Warrant%20Report%205.6.25.b.pdf#page=28
